source_file,signal_date,field_path,component,status,evidence_level,ok,source,vendor,rows,cutoff_date,retrieved_at,temporal_rule,warning,evidence,time_evidence_count
/Users/bakii/tradingagents 汇报/tradingagents_bundle/outputs/runs/hengrui_weekly_2026q2_forecast/audit_reports/audit_600276_2026-04-03.json,2026-04-03,input_state.sentiment_report,news,inferred,artifact_text_mention,,EastMoney,东方财富,,,,,Source inferred from final artifact text; not a tool-call log.,"s are empty; evidence audit failed; usable_evidence_rows=0; EastMoney Guba, Xueqiu, and CNInfo IRM rows count as social evidence;",0
/Users/bakii/tradingagents 汇报/tradingagents_bundle/outputs/runs/hengrui_weekly_2026q2_forecast/audit_reports/audit_600276_2026-04-03.json,2026-04-03,input_state.sentiment_report,news,inferred,artifact_text_mention,,CNInfo,巨潮资讯|CNInfo,,,,,Source inferred from final artifact text; not a tool-call log.,"failed; usable_evidence_rows=0; EastMoney Guba, Xueqiu, and CNInfo IRM rows count as social evidence; announcements remain new",0
/Users/bakii/tradingagents 汇报/tradingagents_bundle/outputs/runs/hengrui_weekly_2026q2_forecast/audit_reports/audit_600276_2026-04-03.json,2026-04-03,input_state.news_report,news,inferred,artifact_text_mention,,EastMoney,东方财富,,,,,Source inferred from final artifact text; not a tool-call log.,医药（600276）财经新闻分析报告 ## 📰 新闻数据概览 **数据来源**：a-stock-data新闻/公告（东方财富网 + 巨潮资讯网） **分析标的**：江苏恒瑞医药股份有限公司（600276） **报告生成日期**：2026,0
/Users/bakii/tradingagents 汇报/tradingagents_bundle/outputs/runs/hengrui_weekly_2026q2_forecast/audit_reports/audit_600276_2026-04-03.json,2026-04-03,input_state.news_report,news,inferred,artifact_text_mention,,CNInfo,巨潮资讯|CNInfo,,,,,Source inferred from final artifact text; not a tool-call log.,6）财经新闻分析报告 ## 📰 新闻数据概览 **数据来源**：a-stock-data新闻/公告（东方财富网 + 巨潮资讯网） **分析标的**：江苏恒瑞医药股份有限公司（600276） **报告生成日期**：2026年4月3日,0
/Users/bakii/tradingagents 汇报/tradingagents_bundle/outputs/runs/hengrui_weekly_2026q2_forecast/audit_reports/audit_600276_2026-04-03.json,2026-04-03,input_state.fundamentals_report,fundamentals,inferred,artifact_text_mention,,BaoStock,BaoStock,,,,,Source inferred from final artifact text; not a tool-call log.,富，在研产品众多 - 现金流充裕，财务质量极佳 - 行业龙头地位稳固 ### 3.3 历史估值参考 根据BaoStock提供的财务指标数据： | 报告期 | ROE | 净利率 | 每股收益 | |--------|-----|-----,0
/Users/bakii/tradingagents 汇报/tradingagents_bundle/outputs/runs/hengrui_weekly_2026q2_forecast/audit_reports/audit_600276_2026-04-03.json,2026-04-03,input_state.data_audit_report,news,structured,tool_header,,,,,2026-04-03,,,,,0
/Users/bakii/tradingagents 汇报/tradingagents_bundle/outputs/runs/hengrui_weekly_2026q2_forecast/audit_reports/audit_600276_2026-04-03.json,2026-04-03,input_state.data_evidence_audit.fundamentals.rule,news,inferred,artifact_text_mention,,BaoStock,BaoStock,,,,,Source inferred from final artifact text; not a tool-call log.,"entals require valuation fields, audited statement rows, or BaoStock financial indicators disclosed by pubDate; announcements ar",0
/Users/bakii/tradingagents 汇报/tradingagents_bundle/outputs/runs/hengrui_weekly_2026q2_forecast/audit_reports/audit_600276_2026-04-03.json,2026-04-03,input_state.data_evidence_audit.social.rule,news,inferred,artifact_text_mention,,EastMoney,东方财富,,,,,Source inferred from final artifact text; not a tool-call log.,"EastMoney Guba, Xueqiu, and CNInfo IRM rows count as social evidence;",0
/Users/bakii/tradingagents 汇报/tradingagents_bundle/outputs/runs/hengrui_weekly_2026q2_forecast/audit_reports/audit_600276_2026-04-03.json,2026-04-03,input_state.data_evidence_audit.social.rule,news,inferred,artifact_text_mention,,CNInfo,巨潮资讯|CNInfo,,,,,Source inferred from final artifact text; not a tool-call log.,"EastMoney Guba, Xueqiu, and CNInfo IRM rows count as social evidence; announcements remain new",0
/Users/bakii/tradingagents 汇报/tradingagents_bundle/outputs/runs/hengrui_weekly_2026q2_forecast/audit_reports/audit_600276_2026-04-03.json,2026-04-03,input_state.skip_analysts.social,news,inferred,artifact_text_mention,,EastMoney,东方财富,,,,,Source inferred from final artifact text; not a tool-call log.,"s are empty; evidence audit failed; usable_evidence_rows=0; EastMoney Guba, Xueqiu, and CNInfo IRM rows count as social evidence;",0
/Users/bakii/tradingagents 汇报/tradingagents_bundle/outputs/runs/hengrui_weekly_2026q2_forecast/audit_reports/audit_600276_2026-04-03.json,2026-04-03,input_state.skip_analysts.social,news,inferred,artifact_text_mention,,CNInfo,巨潮资讯|CNInfo,,,,,Source inferred from final artifact text; not a tool-call log.,"failed; usable_evidence_rows=0; EastMoney Guba, Xueqiu, and CNInfo IRM rows count as social evidence; announcements remain new",0
/Users/bakii/tradingagents 汇报/tradingagents_bundle/outputs/runs/hengrui_weekly_2026q2_forecast/audit_reports/audit_600276_2026-04-10.json,2026-04-10,input_state.sentiment_report,news,inferred,artifact_text_mention,,EastMoney,东方财富,,,,,Source inferred from final artifact text; not a tool-call log.,"s are empty; evidence audit failed; usable_evidence_rows=0; EastMoney Guba, Xueqiu, and CNInfo IRM rows count as social evidence;",0
/Users/bakii/tradingagents 汇报/tradingagents_bundle/outputs/runs/hengrui_weekly_2026q2_forecast/audit_reports/audit_600276_2026-04-10.json,2026-04-10,input_state.sentiment_report,news,inferred,artifact_text_mention,,CNInfo,巨潮资讯|CNInfo,,,,,Source inferred from final artifact text; not a tool-call log.,"failed; usable_evidence_rows=0; EastMoney Guba, Xueqiu, and CNInfo IRM rows count as social evidence; announcements remain new",0
/Users/bakii/tradingagents 汇报/tradingagents_bundle/outputs/runs/hengrui_weekly_2026q2_forecast/audit_reports/audit_600276_2026-04-10.json,2026-04-10,input_state.news_report,news,inferred,artifact_text_mention,,EastMoney,东方财富,,,,,Source inferred from final artifact text; not a tool-call log.,告 **分析标的：** 600276 恒瑞医药 **分析日期：** 2026年4月10日 **数据来源：** 东方财富股票新闻 + 巨潮资讯公告 **报告生成时间：** 2026年7月14日 --- ## 一、新闻数据概述,0
/Users/bakii/tradingagents 汇报/tradingagents_bundle/outputs/runs/hengrui_weekly_2026q2_forecast/audit_reports/audit_600276_2026-04-10.json,2026-04-10,input_state.news_report,news,inferred,artifact_text_mention,,CNInfo,巨潮资讯|CNInfo,,,,,Source inferred from final artifact text; not a tool-call log.,* 600276 恒瑞医药 **分析日期：** 2026年4月10日 **数据来源：** 东方财富股票新闻 + 巨潮资讯公告 **报告生成时间：** 2026年7月14日 --- ## 一、新闻数据概述 本次获取到恒瑞医药（6,0
/Users/bakii/tradingagents 汇报/tradingagents_bundle/outputs/runs/hengrui_weekly_2026q2_forecast/audit_reports/audit_600276_2026-04-10.json,2026-04-10,input_state.data_audit_report,news,structured,tool_header,,,,,2026-04-10,,,,,0
/Users/bakii/tradingagents 汇报/tradingagents_bundle/outputs/runs/hengrui_weekly_2026q2_forecast/audit_reports/audit_600276_2026-04-10.json,2026-04-10,input_state.data_evidence_audit.fundamentals.rule,news,inferred,artifact_text_mention,,BaoStock,BaoStock,,,,,Source inferred from final artifact text; not a tool-call log.,"entals require valuation fields, audited statement rows, or BaoStock financial indicators disclosed by pubDate; announcements ar",0
/Users/bakii/tradingagents 汇报/tradingagents_bundle/outputs/runs/hengrui_weekly_2026q2_forecast/audit_reports/audit_600276_2026-04-10.json,2026-04-10,input_state.data_evidence_audit.social.rule,news,inferred,artifact_text_mention,,EastMoney,东方财富,,,,,Source inferred from final artifact text; not a tool-call log.,"EastMoney Guba, Xueqiu, and CNInfo IRM rows count as social evidence;",0
/Users/bakii/tradingagents 汇报/tradingagents_bundle/outputs/runs/hengrui_weekly_2026q2_forecast/audit_reports/audit_600276_2026-04-10.json,2026-04-10,input_state.data_evidence_audit.social.rule,news,inferred,artifact_text_mention,,CNInfo,巨潮资讯|CNInfo,,,,,Source inferred from final artifact text; not a tool-call log.,"EastMoney Guba, Xueqiu, and CNInfo IRM rows count as social evidence; announcements remain new",0
/Users/bakii/tradingagents 汇报/tradingagents_bundle/outputs/runs/hengrui_weekly_2026q2_forecast/audit_reports/audit_600276_2026-04-10.json,2026-04-10,input_state.skip_analysts.social,news,inferred,artifact_text_mention,,EastMoney,东方财富,,,,,Source inferred from final artifact text; not a tool-call log.,"s are empty; evidence audit failed; usable_evidence_rows=0; EastMoney Guba, Xueqiu, and CNInfo IRM rows count as social evidence;",0
/Users/bakii/tradingagents 汇报/tradingagents_bundle/outputs/runs/hengrui_weekly_2026q2_forecast/audit_reports/audit_600276_2026-04-10.json,2026-04-10,input_state.skip_analysts.social,news,inferred,artifact_text_mention,,CNInfo,巨潮资讯|CNInfo,,,,,Source inferred from final artifact text; not a tool-call log.,"failed; usable_evidence_rows=0; EastMoney Guba, Xueqiu, and CNInfo IRM rows count as social evidence; announcements remain new",0
/Users/bakii/tradingagents 汇报/tradingagents_bundle/outputs/runs/hengrui_weekly_2026q2_forecast/audit_reports/audit_600276_2026-04-17.json,2026-04-17,input_state.sentiment_report,news,inferred,artifact_text_mention,,EastMoney,东方财富,,,,,Source inferred from final artifact text; not a tool-call log.,"s are empty; evidence audit failed; usable_evidence_rows=0; EastMoney Guba, Xueqiu, and CNInfo IRM rows count as social evidence;",0
/Users/bakii/tradingagents 汇报/tradingagents_bundle/outputs/runs/hengrui_weekly_2026q2_forecast/audit_reports/audit_600276_2026-04-17.json,2026-04-17,input_state.sentiment_report,news,inferred,artifact_text_mention,,CNInfo,巨潮资讯|CNInfo,,,,,Source inferred from final artifact text; not a tool-call log.,"failed; usable_evidence_rows=0; EastMoney Guba, Xueqiu, and CNInfo IRM rows count as social evidence; announcements remain new",0
/Users/bakii/tradingagents 汇报/tradingagents_bundle/outputs/runs/hengrui_weekly_2026q2_forecast/audit_reports/audit_600276_2026-04-17.json,2026-04-17,input_state.news_report,market,inferred,artifact_text_mention,,CNInfo,巨潮资讯|CNInfo,,,,,Source inferred from final artifact text; not a tool-call log.,：** 600276 恒瑞医药 **分析日期：** 2026年4月17日 **数据来源：** 东财股票新闻 + 巨潮资讯公告 **新闻数量：** 公司公告2条（无市场新闻） --- ## 📰 重要公司公告分析 ### 【重大利好】,0
/Users/bakii/tradingagents 汇报/tradingagents_bundle/outputs/runs/hengrui_weekly_2026q2_forecast/audit_reports/audit_600276_2026-04-17.json,2026-04-17,input_state.fundamentals_report,fundamentals,inferred,artifact_text_mention,,BaoStock,BaoStock,,,,,Source inferred from final artifact text; not a tool-call log.,--- ## 六、风险提示 ### 6.1 数据局限性 ⚠️ **重要声明**： - 本报告所引用的财务报表为**BaoStock金融指标**，未获取到经审计的完整利润表、资产负债表、现金流量表原始明细 - 收入、利润等数据来源于盈利指标推算，未有原,0
/Users/bakii/tradingagents 汇报/tradingagents_bundle/outputs/runs/hengrui_weekly_2026q2_forecast/audit_reports/audit_600276_2026-04-17.json,2026-04-17,input_state.data_audit_report,news,structured,tool_header,,,,,2026-04-17,,,,,0
/Users/bakii/tradingagents 汇报/tradingagents_bundle/outputs/runs/hengrui_weekly_2026q2_forecast/audit_reports/audit_600276_2026-04-17.json,2026-04-17,input_state.data_evidence_audit.fundamentals.rule,news,inferred,artifact_text_mention,,BaoStock,BaoStock,,,,,Source inferred from final artifact text; not a tool-call log.,"entals require valuation fields, audited statement rows, or BaoStock financial indicators disclosed by pubDate; announcements ar",0
/Users/bakii/tradingagents 汇报/tradingagents_bundle/outputs/runs/hengrui_weekly_2026q2_forecast/audit_reports/audit_600276_2026-04-17.json,2026-04-17,input_state.data_evidence_audit.social.rule,news,inferred,artifact_text_mention,,EastMoney,东方财富,,,,,Source inferred from final artifact text; not a tool-call log.,"EastMoney Guba, Xueqiu, and CNInfo IRM rows count as social evidence;",0
/Users/bakii/tradingagents 汇报/tradingagents_bundle/outputs/runs/hengrui_weekly_2026q2_forecast/audit_reports/audit_600276_2026-04-17.json,2026-04-17,input_state.data_evidence_audit.social.rule,news,inferred,artifact_text_mention,,CNInfo,巨潮资讯|CNInfo,,,,,Source inferred from final artifact text; not a tool-call log.,"EastMoney Guba, Xueqiu, and CNInfo IRM rows count as social evidence; announcements remain new",0
/Users/bakii/tradingagents 汇报/tradingagents_bundle/outputs/runs/hengrui_weekly_2026q2_forecast/audit_reports/audit_600276_2026-04-17.json,2026-04-17,input_state.skip_analysts.social,news,inferred,artifact_text_mention,,EastMoney,东方财富,,,,,Source inferred from final artifact text; not a tool-call log.,"s are empty; evidence audit failed; usable_evidence_rows=0; EastMoney Guba, Xueqiu, and CNInfo IRM rows count as social evidence;",0
/Users/bakii/tradingagents 汇报/tradingagents_bundle/outputs/runs/hengrui_weekly_2026q2_forecast/audit_reports/audit_600276_2026-04-17.json,2026-04-17,input_state.skip_analysts.social,news,inferred,artifact_text_mention,,CNInfo,巨潮资讯|CNInfo,,,,,Source inferred from final artifact text; not a tool-call log.,"failed; usable_evidence_rows=0; EastMoney Guba, Xueqiu, and CNInfo IRM rows count as social evidence; announcements remain new",0
/Users/bakii/tradingagents 汇报/tradingagents_bundle/outputs/runs/hengrui_weekly_2026q2_forecast/audit_reports/audit_600276_2026-04-17.json,2026-04-17,risk_debate.safe_history,fundamentals,inferred,artifact_text_mention,,BaoStock,BaoStock,,,,,Source inferred from final artifact text; not a tool-call log.,在我们这个行业，长期生存比短期暴利更重要。 --- ## 第六点：关于数据质量的警告 报告里明确指出财务数据来源于BaoStock推算，缺少原始财报明细验证。激进分析师完全没提这一点，但这恰恰是我们降低置信度的重要原因。 没有经过审计的完整利润表、,0
/Users/bakii/tradingagents 汇报/tradingagents_bundle/outputs/runs/hengrui_weekly_2026q2_forecast/audit_reports/audit_600276_2026-04-17.json,2026-04-17,risk_debate.neutral_history,fundamentals,inferred,artifact_text_mention,,BaoStock,BaoStock,,,,,Source inferred from final artifact text; not a tool-call log.,安全边际，还要考虑执行概率**。 **第二，把数据质量问题作为看空依据是逻辑跳跃。** 报告里确实提到财务数据来源于BaoStock推算，缺少原始财报明细验证。保守分析师把这作为降低仓位的理由之一。但我要指出一个重要的区分：**数据缺失≠数据负面**。,0
/Users/bakii/tradingagents 汇报/tradingagents_bundle/outputs/runs/hengrui_weekly_2026q2_forecast/audit_reports/audit_600276_2026-04-17.json,2026-04-17,risk_debate.history,market,inferred,artifact_text_mention,,BaoStock,BaoStock,,,,,Source inferred from final artifact text; not a tool-call log.,在我们这个行业，长期生存比短期暴利更重要。 --- ## 第六点：关于数据质量的警告 报告里明确指出财务数据来源于BaoStock推算，缺少原始财报明细验证。激进分析师完全没提这一点，但这恰恰是我们降低置信度的重要原因。 没有经过审计的完整利润表、,0
/Users/bakii/tradingagents 汇报/tradingagents_bundle/outputs/runs/hengrui_weekly_2026q2_forecast/audit_reports/audit_600276_2026-04-17.json,2026-04-17,risk_debate.judge_decision,market,inferred,artifact_text_mention,,BaoStock,BaoStock,,,,,Source inferred from final artifact text; not a tool-call log.,健康。因此采纳中性分析师的7成建议并略微下调至65%，保留35%现金buffer应对系统性风险和个股短期波动。数据质量（BaoStock推算）降低置信度约10%，但不改变方向判断。若T+1日开盘在55.57-56.49区间可建仓至65%，若高开突破57元则,0
/Users/bakii/tradingagents 汇报/tradingagents_bundle/outputs/runs/hengrui_weekly_2026q2_forecast/audit_reports/audit_600276_2026-04-17.json,2026-04-17,final_decision.llm_output,market,inferred,artifact_text_mention,,BaoStock,BaoStock,,,,,Source inferred from final artifact text; not a tool-call log.,健康。因此采纳中性分析师的7成建议并略微下调至65%，保留35%现金buffer应对系统性风险和个股短期波动。数据质量（BaoStock推算）降低置信度约10%，但不改变方向判断。若T+1日开盘在55.57-56.49区间可建仓至65%，若高开突破57元则,0
/Users/bakii/tradingagents 汇报/tradingagents_bundle/outputs/runs/hengrui_weekly_2026q2_forecast/audit_reports/audit_600276_2026-04-17.json,2026-04-17,final_decision.parsed_decision.reasoning,market,inferred,artifact_text_mention,,BaoStock,BaoStock,,,,,Source inferred from final artifact text; not a tool-call log.,健康。因此采纳中性分析师的7成建议并略微下调至65%，保留35%现金buffer应对系统性风险和个股短期波动。数据质量（BaoStock推算）降低置信度约10%，但不改变方向判断。若T+1日开盘在55.57-56.49区间可建仓至65%，若高开突破57元则,0
/Users/bakii/tradingagents 汇报/tradingagents_bundle/outputs/runs/hengrui_weekly_2026q2_forecast/audit_reports/audit_600276_2026-04-24.json,2026-04-24,input_state.sentiment_report,news,inferred,artifact_text_mention,,EastMoney,东方财富,,,,,Source inferred from final artifact text; not a tool-call log.,"s are empty; evidence audit failed; usable_evidence_rows=0; EastMoney Guba, Xueqiu, and CNInfo IRM rows count as social evidence;",0
/Users/bakii/tradingagents 汇报/tradingagents_bundle/outputs/runs/hengrui_weekly_2026q2_forecast/audit_reports/audit_600276_2026-04-24.json,2026-04-24,input_state.sentiment_report,news,inferred,artifact_text_mention,,CNInfo,巨潮资讯|CNInfo,,,,,Source inferred from final artifact text; not a tool-call log.,"failed; usable_evidence_rows=0; EastMoney Guba, Xueqiu, and CNInfo IRM rows count as social evidence; announcements remain new",0
/Users/bakii/tradingagents 汇报/tradingagents_bundle/outputs/runs/hengrui_weekly_2026q2_forecast/audit_reports/audit_600276_2026-04-24.json,2026-04-24,input_state.data_audit_report,news,structured,tool_header,,,,,2026-04-24,,,,,0
/Users/bakii/tradingagents 汇报/tradingagents_bundle/outputs/runs/hengrui_weekly_2026q2_forecast/audit_reports/audit_600276_2026-04-24.json,2026-04-24,input_state.data_evidence_audit.fundamentals.rule,news,inferred,artifact_text_mention,,BaoStock,BaoStock,,,,,Source inferred from final artifact text; not a tool-call log.,"entals require valuation fields, audited statement rows, or BaoStock financial indicators disclosed by pubDate; announcements ar",0
/Users/bakii/tradingagents 汇报/tradingagents_bundle/outputs/runs/hengrui_weekly_2026q2_forecast/audit_reports/audit_600276_2026-04-24.json,2026-04-24,input_state.data_evidence_audit.social.rule,news,inferred,artifact_text_mention,,EastMoney,东方财富,,,,,Source inferred from final artifact text; not a tool-call log.,"EastMoney Guba, Xueqiu, and CNInfo IRM rows count as social evidence;",0
/Users/bakii/tradingagents 汇报/tradingagents_bundle/outputs/runs/hengrui_weekly_2026q2_forecast/audit_reports/audit_600276_2026-04-24.json,2026-04-24,input_state.data_evidence_audit.social.rule,news,inferred,artifact_text_mention,,CNInfo,巨潮资讯|CNInfo,,,,,Source inferred from final artifact text; not a tool-call log.,"EastMoney Guba, Xueqiu, and CNInfo IRM rows count as social evidence; announcements remain new",0
/Users/bakii/tradingagents 汇报/tradingagents_bundle/outputs/runs/hengrui_weekly_2026q2_forecast/audit_reports/audit_600276_2026-04-24.json,2026-04-24,input_state.skip_analysts.social,news,inferred,artifact_text_mention,,EastMoney,东方财富,,,,,Source inferred from final artifact text; not a tool-call log.,"s are empty; evidence audit failed; usable_evidence_rows=0; EastMoney Guba, Xueqiu, and CNInfo IRM rows count as social evidence;",0
/Users/bakii/tradingagents 汇报/tradingagents_bundle/outputs/runs/hengrui_weekly_2026q2_forecast/audit_reports/audit_600276_2026-04-24.json,2026-04-24,input_state.skip_analysts.social,news,inferred,artifact_text_mention,,CNInfo,巨潮资讯|CNInfo,,,,,Source inferred from final artifact text; not a tool-call log.,"failed; usable_evidence_rows=0; EastMoney Guba, Xueqiu, and CNInfo IRM rows count as social evidence; announcements remain new",0
/Users/bakii/tradingagents 汇报/tradingagents_bundle/outputs/runs/hengrui_weekly_2026q2_forecast/audit_reports/audit_600276_2026-05-01.json,2026-05-01,input_state.sentiment_report,news,inferred,artifact_text_mention,,EastMoney,东方财富,,,,,Source inferred from final artifact text; not a tool-call log.,"s are empty; evidence audit failed; usable_evidence_rows=0; EastMoney Guba, Xueqiu, and CNInfo IRM rows count as social evidence;",0
/Users/bakii/tradingagents 汇报/tradingagents_bundle/outputs/runs/hengrui_weekly_2026q2_forecast/audit_reports/audit_600276_2026-05-01.json,2026-05-01,input_state.sentiment_report,news,inferred,artifact_text_mention,,CNInfo,巨潮资讯|CNInfo,,,,,Source inferred from final artifact text; not a tool-call log.,"failed; usable_evidence_rows=0; EastMoney Guba, Xueqiu, and CNInfo IRM rows count as social evidence; announcements remain new",0
/Users/bakii/tradingagents 汇报/tradingagents_bundle/outputs/runs/hengrui_weekly_2026q2_forecast/audit_reports/audit_600276_2026-05-01.json,2026-05-01,input_state.news_report,news,inferred,artifact_text_mention,,EastMoney,东方财富,,,,,Source inferred from final artifact text; not a tool-call log.,1日** **股票代码：600276.SH（A股）** --- ## 一、新闻时效性分析 本次获取的新闻数据来源于东方财富网和中国信披网，数据质量良好（DATA_QUALITY: ok=true）。新闻事件时间跨度为2026年4月21日至4月,0
/Users/bakii/tradingagents 汇报/tradingagents_bundle/outputs/runs/hengrui_weekly_2026q2_forecast/audit_reports/audit_600276_2026-05-01.json,2026-05-01,input_state.data_audit_report,news,structured,tool_header,,,,,2026-05-01,,,,,0
/Users/bakii/tradingagents 汇报/tradingagents_bundle/outputs/runs/hengrui_weekly_2026q2_forecast/audit_reports/audit_600276_2026-05-01.json,2026-05-01,input_state.data_evidence_audit.fundamentals.rule,news,inferred,artifact_text_mention,,BaoStock,BaoStock,,,,,Source inferred from final artifact text; not a tool-call log.,"entals require valuation fields, audited statement rows, or BaoStock financial indicators disclosed by pubDate; announcements ar",0
/Users/bakii/tradingagents 汇报/tradingagents_bundle/outputs/runs/hengrui_weekly_2026q2_forecast/audit_reports/audit_600276_2026-05-01.json,2026-05-01,input_state.data_evidence_audit.social.rule,news,inferred,artifact_text_mention,,EastMoney,东方财富,,,,,Source inferred from final artifact text; not a tool-call log.,"EastMoney Guba, Xueqiu, and CNInfo IRM rows count as social evidence;",0
/Users/bakii/tradingagents 汇报/tradingagents_bundle/outputs/runs/hengrui_weekly_2026q2_forecast/audit_reports/audit_600276_2026-05-01.json,2026-05-01,input_state.data_evidence_audit.social.rule,news,inferred,artifact_text_mention,,CNInfo,巨潮资讯|CNInfo,,,,,Source inferred from final artifact text; not a tool-call log.,"EastMoney Guba, Xueqiu, and CNInfo IRM rows count as social evidence; announcements remain new",0
/Users/bakii/tradingagents 汇报/tradingagents_bundle/outputs/runs/hengrui_weekly_2026q2_forecast/audit_reports/audit_600276_2026-05-01.json,2026-05-01,input_state.skip_analysts.social,news,inferred,artifact_text_mention,,EastMoney,东方财富,,,,,Source inferred from final artifact text; not a tool-call log.,"s are empty; evidence audit failed; usable_evidence_rows=0; EastMoney Guba, Xueqiu, and CNInfo IRM rows count as social evidence;",0
/Users/bakii/tradingagents 汇报/tradingagents_bundle/outputs/runs/hengrui_weekly_2026q2_forecast/audit_reports/audit_600276_2026-05-01.json,2026-05-01,input_state.skip_analysts.social,news,inferred,artifact_text_mention,,CNInfo,巨潮资讯|CNInfo,,,,,Source inferred from final artifact text; not a tool-call log.,"failed; usable_evidence_rows=0; EastMoney Guba, Xueqiu, and CNInfo IRM rows count as social evidence; announcements remain new",0
/Users/bakii/tradingagents 汇报/tradingagents_bundle/outputs/runs/hengrui_weekly_2026q2_forecast/audit_reports/audit_600276_2026-05-08.json,2026-05-08,input_state.sentiment_report,news,inferred,artifact_text_mention,,EastMoney,东方财富,,,,,Source inferred from final artifact text; not a tool-call log.,"s are empty; evidence audit failed; usable_evidence_rows=0; EastMoney Guba, Xueqiu, and CNInfo IRM rows count as social evidence;",0
/Users/bakii/tradingagents 汇报/tradingagents_bundle/outputs/runs/hengrui_weekly_2026q2_forecast/audit_reports/audit_600276_2026-05-08.json,2026-05-08,input_state.sentiment_report,news,inferred,artifact_text_mention,,CNInfo,巨潮资讯|CNInfo,,,,,Source inferred from final artifact text; not a tool-call log.,"failed; usable_evidence_rows=0; EastMoney Guba, Xueqiu, and CNInfo IRM rows count as social evidence; announcements remain new",0
/Users/bakii/tradingagents 汇报/tradingagents_bundle/outputs/runs/hengrui_weekly_2026q2_forecast/audit_reports/audit_600276_2026-05-08.json,2026-05-08,input_state.data_audit_report,news,structured,tool_header,,,,,2026-05-08,,,,,0
/Users/bakii/tradingagents 汇报/tradingagents_bundle/outputs/runs/hengrui_weekly_2026q2_forecast/audit_reports/audit_600276_2026-05-08.json,2026-05-08,input_state.data_evidence_audit.fundamentals.rule,news,inferred,artifact_text_mention,,BaoStock,BaoStock,,,,,Source inferred from final artifact text; not a tool-call log.,"entals require valuation fields, audited statement rows, or BaoStock financial indicators disclosed by pubDate; announcements ar",0
/Users/bakii/tradingagents 汇报/tradingagents_bundle/outputs/runs/hengrui_weekly_2026q2_forecast/audit_reports/audit_600276_2026-05-08.json,2026-05-08,input_state.data_evidence_audit.social.rule,news,inferred,artifact_text_mention,,EastMoney,东方财富,,,,,Source inferred from final artifact text; not a tool-call log.,"EastMoney Guba, Xueqiu, and CNInfo IRM rows count as social evidence;",0
/Users/bakii/tradingagents 汇报/tradingagents_bundle/outputs/runs/hengrui_weekly_2026q2_forecast/audit_reports/audit_600276_2026-05-08.json,2026-05-08,input_state.data_evidence_audit.social.rule,news,inferred,artifact_text_mention,,CNInfo,巨潮资讯|CNInfo,,,,,Source inferred from final artifact text; not a tool-call log.,"EastMoney Guba, Xueqiu, and CNInfo IRM rows count as social evidence; announcements remain new",0
/Users/bakii/tradingagents 汇报/tradingagents_bundle/outputs/runs/hengrui_weekly_2026q2_forecast/audit_reports/audit_600276_2026-05-08.json,2026-05-08,input_state.skip_analysts.social,news,inferred,artifact_text_mention,,EastMoney,东方财富,,,,,Source inferred from final artifact text; not a tool-call log.,"s are empty; evidence audit failed; usable_evidence_rows=0; EastMoney Guba, Xueqiu, and CNInfo IRM rows count as social evidence;",0
/Users/bakii/tradingagents 汇报/tradingagents_bundle/outputs/runs/hengrui_weekly_2026q2_forecast/audit_reports/audit_600276_2026-05-08.json,2026-05-08,input_state.skip_analysts.social,news,inferred,artifact_text_mention,,CNInfo,巨潮资讯|CNInfo,,,,,Source inferred from final artifact text; not a tool-call log.,"failed; usable_evidence_rows=0; EastMoney Guba, Xueqiu, and CNInfo IRM rows count as social evidence; announcements remain new",0
/Users/bakii/tradingagents 汇报/tradingagents_bundle/outputs/runs/hengrui_weekly_2026q2_forecast/audit_reports/audit_600276_2026-05-15.json,2026-05-15,input_state.sentiment_report,news,inferred,artifact_text_mention,,EastMoney,东方财富,,,,,Source inferred from final artifact text; not a tool-call log.,"s are empty; evidence audit failed; usable_evidence_rows=0; EastMoney Guba, Xueqiu, and CNInfo IRM rows count as social evidence;",0
/Users/bakii/tradingagents 汇报/tradingagents_bundle/outputs/runs/hengrui_weekly_2026q2_forecast/audit_reports/audit_600276_2026-05-15.json,2026-05-15,input_state.sentiment_report,news,inferred,artifact_text_mention,,CNInfo,巨潮资讯|CNInfo,,,,,Source inferred from final artifact text; not a tool-call log.,"failed; usable_evidence_rows=0; EastMoney Guba, Xueqiu, and CNInfo IRM rows count as social evidence; announcements remain new",0
/Users/bakii/tradingagents 汇报/tradingagents_bundle/outputs/runs/hengrui_weekly_2026q2_forecast/audit_reports/audit_600276_2026-05-15.json,2026-05-15,input_state.data_audit_report,news,structured,tool_header,,,,,2026-05-15,,,,,0
/Users/bakii/tradingagents 汇报/tradingagents_bundle/outputs/runs/hengrui_weekly_2026q2_forecast/audit_reports/audit_600276_2026-05-15.json,2026-05-15,input_state.data_evidence_audit.fundamentals.rule,news,inferred,artifact_text_mention,,BaoStock,BaoStock,,,,,Source inferred from final artifact text; not a tool-call log.,"entals require valuation fields, audited statement rows, or BaoStock financial indicators disclosed by pubDate; announcements ar",0
/Users/bakii/tradingagents 汇报/tradingagents_bundle/outputs/runs/hengrui_weekly_2026q2_forecast/audit_reports/audit_600276_2026-05-15.json,2026-05-15,input_state.data_evidence_audit.social.rule,news,inferred,artifact_text_mention,,EastMoney,东方财富,,,,,Source inferred from final artifact text; not a tool-call log.,"EastMoney Guba, Xueqiu, and CNInfo IRM rows count as social evidence;",0
/Users/bakii/tradingagents 汇报/tradingagents_bundle/outputs/runs/hengrui_weekly_2026q2_forecast/audit_reports/audit_600276_2026-05-15.json,2026-05-15,input_state.data_evidence_audit.social.rule,news,inferred,artifact_text_mention,,CNInfo,巨潮资讯|CNInfo,,,,,Source inferred from final artifact text; not a tool-call log.,"EastMoney Guba, Xueqiu, and CNInfo IRM rows count as social evidence; announcements remain new",0
/Users/bakii/tradingagents 汇报/tradingagents_bundle/outputs/runs/hengrui_weekly_2026q2_forecast/audit_reports/audit_600276_2026-05-15.json,2026-05-15,input_state.skip_analysts.social,news,inferred,artifact_text_mention,,EastMoney,东方财富,,,,,Source inferred from final artifact text; not a tool-call log.,"s are empty; evidence audit failed; usable_evidence_rows=0; EastMoney Guba, Xueqiu, and CNInfo IRM rows count as social evidence;",0
/Users/bakii/tradingagents 汇报/tradingagents_bundle/outputs/runs/hengrui_weekly_2026q2_forecast/audit_reports/audit_600276_2026-05-15.json,2026-05-15,input_state.skip_analysts.social,news,inferred,artifact_text_mention,,CNInfo,巨潮资讯|CNInfo,,,,,Source inferred from final artifact text; not a tool-call log.,"failed; usable_evidence_rows=0; EastMoney Guba, Xueqiu, and CNInfo IRM rows count as social evidence; announcements remain new",0
/Users/bakii/tradingagents 汇报/tradingagents_bundle/outputs/runs/hengrui_weekly_2026q2_forecast/audit_reports/audit_600276_2026-05-22.json,2026-05-22,input_state.sentiment_report,news,inferred,artifact_text_mention,,EastMoney,东方财富,,,,,Source inferred from final artifact text; not a tool-call log.,"s are empty; evidence audit failed; usable_evidence_rows=0; EastMoney Guba, Xueqiu, and CNInfo IRM rows count as social evidence;",0
/Users/bakii/tradingagents 汇报/tradingagents_bundle/outputs/runs/hengrui_weekly_2026q2_forecast/audit_reports/audit_600276_2026-05-22.json,2026-05-22,input_state.sentiment_report,news,inferred,artifact_text_mention,,CNInfo,巨潮资讯|CNInfo,,,,,Source inferred from final artifact text; not a tool-call log.,"failed; usable_evidence_rows=0; EastMoney Guba, Xueqiu, and CNInfo IRM rows count as social evidence; announcements remain new",0
/Users/bakii/tradingagents 汇报/tradingagents_bundle/outputs/runs/hengrui_weekly_2026q2_forecast/audit_reports/audit_600276_2026-05-22.json,2026-05-22,input_state.news_report,market,inferred,artifact_text_mention,,EastMoney,东方财富,,,,,Source inferred from final artifact text; not a tool-call log.,析标的：** 恒瑞医药（600276.SH） **报告生成时间：** 2026年5月22日 **数据来源：** 东方财富股票新闻 + 巨潮资讯公告 **数据质量：** ✅ 数据完整，时效性良好 --- ## 📊 重大新闻事件分析,0
/Users/bakii/tradingagents 汇报/tradingagents_bundle/outputs/runs/hengrui_weekly_2026q2_forecast/audit_reports/audit_600276_2026-05-22.json,2026-05-22,input_state.news_report,market,inferred,artifact_text_mention,,CNInfo,巨潮资讯|CNInfo,,,,,Source inferred from final artifact text; not a tool-call log.,（600276.SH） **报告生成时间：** 2026年5月22日 **数据来源：** 东方财富股票新闻 + 巨潮资讯公告 **数据质量：** ✅ 数据完整，时效性良好 --- ## 📊 重大新闻事件分析 ### 一、🔬 与百时,0
/Users/bakii/tradingagents 汇报/tradingagents_bundle/outputs/runs/hengrui_weekly_2026q2_forecast/audit_reports/audit_600276_2026-05-22.json,2026-05-22,input_state.fundamentals_report,fundamentals,inferred,artifact_text_mention,,BaoStock,BaoStock,,,,,Source inferred from final artifact text; not a tool-call log.,率，属于高质量盈利模式，非依赖高杠杆实现。 ### 2.5 财务数据缺口说明 **重要提示**： 1. 本次分析基于BaoStock财务指标数据，未能获取完整的利润表、资产负债表、现金流量表明细数据 2. 缺少完整的营收、毛利、三费（销售费用、管理费用,0
/Users/bakii/tradingagents 汇报/tradingagents_bundle/outputs/runs/hengrui_weekly_2026q2_forecast/audit_reports/audit_600276_2026-05-22.json,2026-05-22,input_state.data_audit_report,news,structured,tool_header,,,,,2026-05-22,,,,,0
/Users/bakii/tradingagents 汇报/tradingagents_bundle/outputs/runs/hengrui_weekly_2026q2_forecast/audit_reports/audit_600276_2026-05-22.json,2026-05-22,input_state.data_evidence_audit.fundamentals.rule,news,inferred,artifact_text_mention,,BaoStock,BaoStock,,,,,Source inferred from final artifact text; not a tool-call log.,"entals require valuation fields, audited statement rows, or BaoStock financial indicators disclosed by pubDate; announcements ar",0
/Users/bakii/tradingagents 汇报/tradingagents_bundle/outputs/runs/hengrui_weekly_2026q2_forecast/audit_reports/audit_600276_2026-05-22.json,2026-05-22,input_state.data_evidence_audit.social.rule,news,inferred,artifact_text_mention,,EastMoney,东方财富,,,,,Source inferred from final artifact text; not a tool-call log.,"EastMoney Guba, Xueqiu, and CNInfo IRM rows count as social evidence;",0
/Users/bakii/tradingagents 汇报/tradingagents_bundle/outputs/runs/hengrui_weekly_2026q2_forecast/audit_reports/audit_600276_2026-05-22.json,2026-05-22,input_state.data_evidence_audit.social.rule,news,inferred,artifact_text_mention,,CNInfo,巨潮资讯|CNInfo,,,,,Source inferred from final artifact text; not a tool-call log.,"EastMoney Guba, Xueqiu, and CNInfo IRM rows count as social evidence; announcements remain new",0
/Users/bakii/tradingagents 汇报/tradingagents_bundle/outputs/runs/hengrui_weekly_2026q2_forecast/audit_reports/audit_600276_2026-05-22.json,2026-05-22,input_state.skip_analysts.social,news,inferred,artifact_text_mention,,EastMoney,东方财富,,,,,Source inferred from final artifact text; not a tool-call log.,"s are empty; evidence audit failed; usable_evidence_rows=0; EastMoney Guba, Xueqiu, and CNInfo IRM rows count as social evidence;",0
/Users/bakii/tradingagents 汇报/tradingagents_bundle/outputs/runs/hengrui_weekly_2026q2_forecast/audit_reports/audit_600276_2026-05-22.json,2026-05-22,input_state.skip_analysts.social,news,inferred,artifact_text_mention,,CNInfo,巨潮资讯|CNInfo,,,,,Source inferred from final artifact text; not a tool-call log.,"failed; usable_evidence_rows=0; EastMoney Guba, Xueqiu, and CNInfo IRM rows count as social evidence; announcements remain new",0
/Users/bakii/tradingagents 汇报/tradingagents_bundle/outputs/runs/hengrui_weekly_2026q2_forecast/audit_reports/audit_600276_2026-05-29.json,2026-05-29,input_state.sentiment_report,news,inferred,artifact_text_mention,,EastMoney,东方财富,,,,,Source inferred from final artifact text; not a tool-call log.,"s are empty; evidence audit failed; usable_evidence_rows=0; EastMoney Guba, Xueqiu, and CNInfo IRM rows count as social evidence;",0
/Users/bakii/tradingagents 汇报/tradingagents_bundle/outputs/runs/hengrui_weekly_2026q2_forecast/audit_reports/audit_600276_2026-05-29.json,2026-05-29,input_state.sentiment_report,news,inferred,artifact_text_mention,,CNInfo,巨潮资讯|CNInfo,,,,,Source inferred from final artifact text; not a tool-call log.,"failed; usable_evidence_rows=0; EastMoney Guba, Xueqiu, and CNInfo IRM rows count as social evidence; announcements remain new",0
/Users/bakii/tradingagents 汇报/tradingagents_bundle/outputs/runs/hengrui_weekly_2026q2_forecast/audit_reports/audit_600276_2026-05-29.json,2026-05-29,input_state.news_report,news,inferred,artifact_text_mention,,EastMoney,东方财富,,,,,Source inferred from final artifact text; not a tool-call log.,** | 600276.SH（A股） | | **分析日期** | 2026-05-29 | | **新闻来源** | 东方财富网 + 巨潮资讯网 | | **数据质量** | ✅ 良好（8条新闻/公告） | | **时效性** | ⚠️ 新闻数据,0
/Users/bakii/tradingagents 汇报/tradingagents_bundle/outputs/runs/hengrui_weekly_2026q2_forecast/audit_reports/audit_600276_2026-05-29.json,2026-05-29,input_state.news_report,news,inferred,artifact_text_mention,,CNInfo,巨潮资讯|CNInfo,,,,,Source inferred from final artifact text; not a tool-call log.,276.SH（A股） | | **分析日期** | 2026-05-29 | | **新闻来源** | 东方财富网 + 巨潮资讯网 | | **数据质量** | ✅ 良好（8条新闻/公告） | | **时效性** | ⚠️ 新闻数据截止至2026-,0
/Users/bakii/tradingagents 汇报/tradingagents_bundle/outputs/runs/hengrui_weekly_2026q2_forecast/audit_reports/audit_600276_2026-05-29.json,2026-05-29,input_state.data_audit_report,news,structured,tool_header,,,,,2026-05-29,,,,,0
/Users/bakii/tradingagents 汇报/tradingagents_bundle/outputs/runs/hengrui_weekly_2026q2_forecast/audit_reports/audit_600276_2026-05-29.json,2026-05-29,input_state.data_evidence_audit.fundamentals.rule,news,inferred,artifact_text_mention,,BaoStock,BaoStock,,,,,Source inferred from final artifact text; not a tool-call log.,"entals require valuation fields, audited statement rows, or BaoStock financial indicators disclosed by pubDate; announcements ar",0
/Users/bakii/tradingagents 汇报/tradingagents_bundle/outputs/runs/hengrui_weekly_2026q2_forecast/audit_reports/audit_600276_2026-05-29.json,2026-05-29,input_state.data_evidence_audit.social.rule,news,inferred,artifact_text_mention,,EastMoney,东方财富,,,,,Source inferred from final artifact text; not a tool-call log.,"EastMoney Guba, Xueqiu, and CNInfo IRM rows count as social evidence;",0
/Users/bakii/tradingagents 汇报/tradingagents_bundle/outputs/runs/hengrui_weekly_2026q2_forecast/audit_reports/audit_600276_2026-05-29.json,2026-05-29,input_state.data_evidence_audit.social.rule,news,inferred,artifact_text_mention,,CNInfo,巨潮资讯|CNInfo,,,,,Source inferred from final artifact text; not a tool-call log.,"EastMoney Guba, Xueqiu, and CNInfo IRM rows count as social evidence; announcements remain new",0
/Users/bakii/tradingagents 汇报/tradingagents_bundle/outputs/runs/hengrui_weekly_2026q2_forecast/audit_reports/audit_600276_2026-05-29.json,2026-05-29,input_state.skip_analysts.social,news,inferred,artifact_text_mention,,EastMoney,东方财富,,,,,Source inferred from final artifact text; not a tool-call log.,"s are empty; evidence audit failed; usable_evidence_rows=0; EastMoney Guba, Xueqiu, and CNInfo IRM rows count as social evidence;",0
/Users/bakii/tradingagents 汇报/tradingagents_bundle/outputs/runs/hengrui_weekly_2026q2_forecast/audit_reports/audit_600276_2026-05-29.json,2026-05-29,input_state.skip_analysts.social,news,inferred,artifact_text_mention,,CNInfo,巨潮资讯|CNInfo,,,,,Source inferred from final artifact text; not a tool-call log.,"failed; usable_evidence_rows=0; EastMoney Guba, Xueqiu, and CNInfo IRM rows count as social evidence; announcements remain new",0
/Users/bakii/tradingagents 汇报/tradingagents_bundle/outputs/runs/hengrui_weekly_2026q2_forecast/audit_reports/audit_600276_2026-06-05.json,2026-06-05,input_state.sentiment_report,news,inferred,artifact_text_mention,,EastMoney,东方财富,,,,,Source inferred from final artifact text; not a tool-call log.,"s are empty; evidence audit failed; usable_evidence_rows=0; EastMoney Guba, Xueqiu, and CNInfo IRM rows count as social evidence;",0
/Users/bakii/tradingagents 汇报/tradingagents_bundle/outputs/runs/hengrui_weekly_2026q2_forecast/audit_reports/audit_600276_2026-06-05.json,2026-06-05,input_state.sentiment_report,news,inferred,artifact_text_mention,,CNInfo,巨潮资讯|CNInfo,,,,,Source inferred from final artifact text; not a tool-call log.,"failed; usable_evidence_rows=0; EastMoney Guba, Xueqiu, and CNInfo IRM rows count as social evidence; announcements remain new",0
/Users/bakii/tradingagents 汇报/tradingagents_bundle/outputs/runs/hengrui_weekly_2026q2_forecast/audit_reports/audit_600276_2026-06-05.json,2026-06-05,input_state.news_report,news,inferred,artifact_text_mention,,EastMoney,东方财富,,,,,Source inferred from final artifact text; not a tool-call log.,码** | 600276.SH（A股） | | **分析日期** | 2026年6月5日 | | **数据来源** | 东方财富财经新闻 + 巨潮资讯网公告 | | **新闻数量** | 8条（1条新闻 + 7条公告） | | **数据质量** |,0
/Users/bakii/tradingagents 汇报/tradingagents_bundle/outputs/runs/hengrui_weekly_2026q2_forecast/audit_reports/audit_600276_2026-06-05.json,2026-06-05,input_state.news_report,news,inferred,artifact_text_mention,,CNInfo,巨潮资讯|CNInfo,,,,,Source inferred from final artifact text; not a tool-call log.,6.SH（A股） | | **分析日期** | 2026年6月5日 | | **数据来源** | 东方财富财经新闻 + 巨潮资讯网公告 | | **新闻数量** | 8条（1条新闻 + 7条公告） | | **数据质量** | ✅ 数据完整，时效性,0
/Users/bakii/tradingagents 汇报/tradingagents_bundle/outputs/runs/hengrui_weekly_2026q2_forecast/audit_reports/audit_600276_2026-06-05.json,2026-06-05,input_state.data_audit_report,news,structured,tool_header,,,,,2026-06-05,,,,,0
/Users/bakii/tradingagents 汇报/tradingagents_bundle/outputs/runs/hengrui_weekly_2026q2_forecast/audit_reports/audit_600276_2026-06-05.json,2026-06-05,input_state.data_evidence_audit.fundamentals.rule,news,inferred,artifact_text_mention,,BaoStock,BaoStock,,,,,Source inferred from final artifact text; not a tool-call log.,"entals require valuation fields, audited statement rows, or BaoStock financial indicators disclosed by pubDate; announcements ar",0
/Users/bakii/tradingagents 汇报/tradingagents_bundle/outputs/runs/hengrui_weekly_2026q2_forecast/audit_reports/audit_600276_2026-06-05.json,2026-06-05,input_state.data_evidence_audit.social.rule,news,inferred,artifact_text_mention,,EastMoney,东方财富,,,,,Source inferred from final artifact text; not a tool-call log.,"EastMoney Guba, Xueqiu, and CNInfo IRM rows count as social evidence;",0
/Users/bakii/tradingagents 汇报/tradingagents_bundle/outputs/runs/hengrui_weekly_2026q2_forecast/audit_reports/audit_600276_2026-06-05.json,2026-06-05,input_state.data_evidence_audit.social.rule,news,inferred,artifact_text_mention,,CNInfo,巨潮资讯|CNInfo,,,,,Source inferred from final artifact text; not a tool-call log.,"EastMoney Guba, Xueqiu, and CNInfo IRM rows count as social evidence; announcements remain new",0
/Users/bakii/tradingagents 汇报/tradingagents_bundle/outputs/runs/hengrui_weekly_2026q2_forecast/audit_reports/audit_600276_2026-06-05.json,2026-06-05,input_state.skip_analysts.social,news,inferred,artifact_text_mention,,EastMoney,东方财富,,,,,Source inferred from final artifact text; not a tool-call log.,"s are empty; evidence audit failed; usable_evidence_rows=0; EastMoney Guba, Xueqiu, and CNInfo IRM rows count as social evidence;",0
/Users/bakii/tradingagents 汇报/tradingagents_bundle/outputs/runs/hengrui_weekly_2026q2_forecast/audit_reports/audit_600276_2026-06-05.json,2026-06-05,input_state.skip_analysts.social,news,inferred,artifact_text_mention,,CNInfo,巨潮资讯|CNInfo,,,,,Source inferred from final artifact text; not a tool-call log.,"failed; usable_evidence_rows=0; EastMoney Guba, Xueqiu, and CNInfo IRM rows count as social evidence; announcements remain new",0
/Users/bakii/tradingagents 汇报/tradingagents_bundle/outputs/runs/hengrui_weekly_2026q2_forecast/audit_reports/audit_600276_2026-06-12.json,2026-06-12,input_state.sentiment_report,news,inferred,artifact_text_mention,,EastMoney,东方财富,,,,,Source inferred from final artifact text; not a tool-call log.,"s are empty; evidence audit failed; usable_evidence_rows=0; EastMoney Guba, Xueqiu, and CNInfo IRM rows count as social evidence;",0
/Users/bakii/tradingagents 汇报/tradingagents_bundle/outputs/runs/hengrui_weekly_2026q2_forecast/audit_reports/audit_600276_2026-06-12.json,2026-06-12,input_state.sentiment_report,news,inferred,artifact_text_mention,,CNInfo,巨潮资讯|CNInfo,,,,,Source inferred from final artifact text; not a tool-call log.,"failed; usable_evidence_rows=0; EastMoney Guba, Xueqiu, and CNInfo IRM rows count as social evidence; announcements remain new",0
/Users/bakii/tradingagents 汇报/tradingagents_bundle/outputs/runs/hengrui_weekly_2026q2_forecast/audit_reports/audit_600276_2026-06-12.json,2026-06-12,input_state.news_report,news,inferred,artifact_text_mention,,EastMoney,东方财富,,,,,Source inferred from final artifact text; not a tool-call log.,称** | 江苏恒瑞医药股份有限公司 | | **报告日期** | 2026年6月12日 | | **数据来源** | EastMoney股票新闻 + CNInfo公告 | | **新闻数量** | 1条公司公告 | | **数据质量** | ✅ 正常 |,0
/Users/bakii/tradingagents 汇报/tradingagents_bundle/outputs/runs/hengrui_weekly_2026q2_forecast/audit_reports/audit_600276_2026-06-12.json,2026-06-12,input_state.news_report,news,inferred,artifact_text_mention,,CNInfo,巨潮资讯|CNInfo,,,,,Source inferred from final artifact text; not a tool-call log.,公司 | | **报告日期** | 2026年6月12日 | | **数据来源** | EastMoney股票新闻 + CNInfo公告 | | **新闻数量** | 1条公司公告 | | **数据质量** | ✅ 正常 | --- ## 📋 公告,0
/Users/bakii/tradingagents 汇报/tradingagents_bundle/outputs/runs/hengrui_weekly_2026q2_forecast/audit_reports/audit_600276_2026-06-12.json,2026-06-12,input_state.data_audit_report,news,structured,tool_header,,,,,2026-06-12,,,,,0
/Users/bakii/tradingagents 汇报/tradingagents_bundle/outputs/runs/hengrui_weekly_2026q2_forecast/audit_reports/audit_600276_2026-06-12.json,2026-06-12,input_state.data_evidence_audit.fundamentals.rule,news,inferred,artifact_text_mention,,BaoStock,BaoStock,,,,,Source inferred from final artifact text; not a tool-call log.,"entals require valuation fields, audited statement rows, or BaoStock financial indicators disclosed by pubDate; announcements ar",0
/Users/bakii/tradingagents 汇报/tradingagents_bundle/outputs/runs/hengrui_weekly_2026q2_forecast/audit_reports/audit_600276_2026-06-12.json,2026-06-12,input_state.data_evidence_audit.social.rule,news,inferred,artifact_text_mention,,EastMoney,东方财富,,,,,Source inferred from final artifact text; not a tool-call log.,"EastMoney Guba, Xueqiu, and CNInfo IRM rows count as social evidence;",0
/Users/bakii/tradingagents 汇报/tradingagents_bundle/outputs/runs/hengrui_weekly_2026q2_forecast/audit_reports/audit_600276_2026-06-12.json,2026-06-12,input_state.data_evidence_audit.social.rule,news,inferred,artifact_text_mention,,CNInfo,巨潮资讯|CNInfo,,,,,Source inferred from final artifact text; not a tool-call log.,"EastMoney Guba, Xueqiu, and CNInfo IRM rows count as social evidence; announcements remain new",0
/Users/bakii/tradingagents 汇报/tradingagents_bundle/outputs/runs/hengrui_weekly_2026q2_forecast/audit_reports/audit_600276_2026-06-12.json,2026-06-12,input_state.skip_analysts.social,news,inferred,artifact_text_mention,,EastMoney,东方财富,,,,,Source inferred from final artifact text; not a tool-call log.,"s are empty; evidence audit failed; usable_evidence_rows=0; EastMoney Guba, Xueqiu, and CNInfo IRM rows count as social evidence;",0
/Users/bakii/tradingagents 汇报/tradingagents_bundle/outputs/runs/hengrui_weekly_2026q2_forecast/audit_reports/audit_600276_2026-06-12.json,2026-06-12,input_state.skip_analysts.social,news,inferred,artifact_text_mention,,CNInfo,巨潮资讯|CNInfo,,,,,Source inferred from final artifact text; not a tool-call log.,"failed; usable_evidence_rows=0; EastMoney Guba, Xueqiu, and CNInfo IRM rows count as social evidence; announcements remain new",0
/Users/bakii/tradingagents 汇报/tradingagents_bundle/outputs/runs/hengrui_weekly_2026q2_forecast/audit_reports/audit_600276_2026-06-19.json,2026-06-19,input_state.sentiment_report,news,inferred,artifact_text_mention,,EastMoney,东方财富,,,,,Source inferred from final artifact text; not a tool-call log.,"s are empty; evidence audit failed; usable_evidence_rows=0; EastMoney Guba, Xueqiu, and CNInfo IRM rows count as social evidence;",0
/Users/bakii/tradingagents 汇报/tradingagents_bundle/outputs/runs/hengrui_weekly_2026q2_forecast/audit_reports/audit_600276_2026-06-19.json,2026-06-19,input_state.sentiment_report,news,inferred,artifact_text_mention,,CNInfo,巨潮资讯|CNInfo,,,,,Source inferred from final artifact text; not a tool-call log.,"failed; usable_evidence_rows=0; EastMoney Guba, Xueqiu, and CNInfo IRM rows count as social evidence; announcements remain new",0
/Users/bakii/tradingagents 汇报/tradingagents_bundle/outputs/runs/hengrui_weekly_2026q2_forecast/audit_reports/audit_600276_2026-06-19.json,2026-06-19,input_state.news_report,news,inferred,artifact_text_mention,,EastMoney,东方财富,,,,,Source inferred from final artifact text; not a tool-call log.,乳腺癌治疗领域的竞争优势，建议投资者积极关注。** --- *报告生成时间：2026年6月19日* *数据来源：东方财富股票新闻 + 巨潮资讯网公告*,0
/Users/bakii/tradingagents 汇报/tradingagents_bundle/outputs/runs/hengrui_weekly_2026q2_forecast/audit_reports/audit_600276_2026-06-19.json,2026-06-19,input_state.news_report,news,inferred,artifact_text_mention,,CNInfo,巨潮资讯|CNInfo,,,,,Source inferred from final artifact text; not a tool-call log.,势，建议投资者积极关注。** --- *报告生成时间：2026年6月19日* *数据来源：东方财富股票新闻 + 巨潮资讯网公告*,0
/Users/bakii/tradingagents 汇报/tradingagents_bundle/outputs/runs/hengrui_weekly_2026q2_forecast/audit_reports/audit_600276_2026-06-19.json,2026-06-19,input_state.data_audit_report,news,structured,tool_header,,,,,2026-06-19,,,,,0
/Users/bakii/tradingagents 汇报/tradingagents_bundle/outputs/runs/hengrui_weekly_2026q2_forecast/audit_reports/audit_600276_2026-06-19.json,2026-06-19,input_state.data_evidence_audit.fundamentals.rule,news,inferred,artifact_text_mention,,BaoStock,BaoStock,,,,,Source inferred from final artifact text; not a tool-call log.,"entals require valuation fields, audited statement rows, or BaoStock financial indicators disclosed by pubDate; announcements ar",0
/Users/bakii/tradingagents 汇报/tradingagents_bundle/outputs/runs/hengrui_weekly_2026q2_forecast/audit_reports/audit_600276_2026-06-19.json,2026-06-19,input_state.data_evidence_audit.social.rule,news,inferred,artifact_text_mention,,EastMoney,东方财富,,,,,Source inferred from final artifact text; not a tool-call log.,"EastMoney Guba, Xueqiu, and CNInfo IRM rows count as social evidence;",0
/Users/bakii/tradingagents 汇报/tradingagents_bundle/outputs/runs/hengrui_weekly_2026q2_forecast/audit_reports/audit_600276_2026-06-19.json,2026-06-19,input_state.data_evidence_audit.social.rule,news,inferred,artifact_text_mention,,CNInfo,巨潮资讯|CNInfo,,,,,Source inferred from final artifact text; not a tool-call log.,"EastMoney Guba, Xueqiu, and CNInfo IRM rows count as social evidence; announcements remain new",0
/Users/bakii/tradingagents 汇报/tradingagents_bundle/outputs/runs/hengrui_weekly_2026q2_forecast/audit_reports/audit_600276_2026-06-19.json,2026-06-19,input_state.skip_analysts.social,news,inferred,artifact_text_mention,,EastMoney,东方财富,,,,,Source inferred from final artifact text; not a tool-call log.,"s are empty; evidence audit failed; usable_evidence_rows=0; EastMoney Guba, Xueqiu, and CNInfo IRM rows count as social evidence;",0
/Users/bakii/tradingagents 汇报/tradingagents_bundle/outputs/runs/hengrui_weekly_2026q2_forecast/audit_reports/audit_600276_2026-06-19.json,2026-06-19,input_state.skip_analysts.social,news,inferred,artifact_text_mention,,CNInfo,巨潮资讯|CNInfo,,,,,Source inferred from final artifact text; not a tool-call log.,"failed; usable_evidence_rows=0; EastMoney Guba, Xueqiu, and CNInfo IRM rows count as social evidence; announcements remain new",0
/Users/bakii/tradingagents 汇报/tradingagents_bundle/outputs/runs/hengrui_weekly_2026q2_forecast/audit_reports/audit_600276_2026-06-26.json,2026-06-26,input_state.sentiment_report,news,inferred,artifact_text_mention,,EastMoney,东方财富,,,,,Source inferred from final artifact text; not a tool-call log.,"s are empty; evidence audit failed; usable_evidence_rows=0; EastMoney Guba, Xueqiu, and CNInfo IRM rows count as social evidence;",0
/Users/bakii/tradingagents 汇报/tradingagents_bundle/outputs/runs/hengrui_weekly_2026q2_forecast/audit_reports/audit_600276_2026-06-26.json,2026-06-26,input_state.sentiment_report,news,inferred,artifact_text_mention,,CNInfo,巨潮资讯|CNInfo,,,,,Source inferred from final artifact text; not a tool-call log.,"failed; usable_evidence_rows=0; EastMoney Guba, Xueqiu, and CNInfo IRM rows count as social evidence; announcements remain new",0
/Users/bakii/tradingagents 汇报/tradingagents_bundle/outputs/runs/hengrui_weekly_2026q2_forecast/audit_reports/audit_600276_2026-06-26.json,2026-06-26,input_state.news_report,news,inferred,artifact_text_mention,,EastMoney,东方财富,,,,,Source inferred from final artifact text; not a tool-call log.,026年6月26日的最新新闻数据，恒瑞医药（600276.SH）近期发布了一系列重要的药品研发和上市进展公告。本报告基于东方财富网及巨潮资讯网的公开信息，对公司最新动态进行全面分析。 **新闻数据时效性说明**：本次获取的新闻数据为2026年6月,0
/Users/bakii/tradingagents 汇报/tradingagents_bundle/outputs/runs/hengrui_weekly_2026q2_forecast/audit_reports/audit_600276_2026-06-26.json,2026-06-26,input_state.news_report,news,inferred,artifact_text_mention,,CNInfo,巨潮资讯|CNInfo,,,,,Source inferred from final artifact text; not a tool-call log.,26日的最新新闻数据，恒瑞医药（600276.SH）近期发布了一系列重要的药品研发和上市进展公告。本报告基于东方财富网及巨潮资讯网的公开信息，对公司最新动态进行全面分析。 **新闻数据时效性说明**：本次获取的新闻数据为2026年6月16日至6月,0
/Users/bakii/tradingagents 汇报/tradingagents_bundle/outputs/runs/hengrui_weekly_2026q2_forecast/audit_reports/audit_600276_2026-06-26.json,2026-06-26,input_state.fundamentals_report,fundamentals,inferred,artifact_text_mention,,BaoStock,BaoStock,,,,,Source inferred from final artifact text; not a tool-call log.,皮炎适应症 --- ## 二、财务质量与盈利能力分析 ### 2.1 盈利能力分析 #### 关键盈利指标（基于BaoStock审计数据） | 报告期 | ROE(%) | 净利润率(%) | 毛利率(%) | 净利润(亿元) | EPS(TTM,0
/Users/bakii/tradingagents 汇报/tradingagents_bundle/outputs/runs/hengrui_weekly_2026q2_forecast/audit_reports/audit_600276_2026-06-26.json,2026-06-26,input_state.data_audit_report,news,structured,tool_header,,,,,2026-06-26,,,,,0
/Users/bakii/tradingagents 汇报/tradingagents_bundle/outputs/runs/hengrui_weekly_2026q2_forecast/audit_reports/audit_600276_2026-06-26.json,2026-06-26,input_state.data_evidence_audit.fundamentals.rule,news,inferred,artifact_text_mention,,BaoStock,BaoStock,,,,,Source inferred from final artifact text; not a tool-call log.,"entals require valuation fields, audited statement rows, or BaoStock financial indicators disclosed by pubDate; announcements ar",0
/Users/bakii/tradingagents 汇报/tradingagents_bundle/outputs/runs/hengrui_weekly_2026q2_forecast/audit_reports/audit_600276_2026-06-26.json,2026-06-26,input_state.data_evidence_audit.social.rule,news,inferred,artifact_text_mention,,EastMoney,东方财富,,,,,Source inferred from final artifact text; not a tool-call log.,"EastMoney Guba, Xueqiu, and CNInfo IRM rows count as social evidence;",0
/Users/bakii/tradingagents 汇报/tradingagents_bundle/outputs/runs/hengrui_weekly_2026q2_forecast/audit_reports/audit_600276_2026-06-26.json,2026-06-26,input_state.data_evidence_audit.social.rule,news,inferred,artifact_text_mention,,CNInfo,巨潮资讯|CNInfo,,,,,Source inferred from final artifact text; not a tool-call log.,"EastMoney Guba, Xueqiu, and CNInfo IRM rows count as social evidence; announcements remain new",0
/Users/bakii/tradingagents 汇报/tradingagents_bundle/outputs/runs/hengrui_weekly_2026q2_forecast/audit_reports/audit_600276_2026-06-26.json,2026-06-26,input_state.skip_analysts.social,news,inferred,artifact_text_mention,,EastMoney,东方财富,,,,,Source inferred from final artifact text; not a tool-call log.,"s are empty; evidence audit failed; usable_evidence_rows=0; EastMoney Guba, Xueqiu, and CNInfo IRM rows count as social evidence;",0
/Users/bakii/tradingagents 汇报/tradingagents_bundle/outputs/runs/hengrui_weekly_2026q2_forecast/audit_reports/audit_600276_2026-06-26.json,2026-06-26,input_state.skip_analysts.social,news,inferred,artifact_text_mention,,CNInfo,巨潮资讯|CNInfo,,,,,Source inferred from final artifact text; not a tool-call log.,"failed; usable_evidence_rows=0; EastMoney Guba, Xueqiu, and CNInfo IRM rows count as social evidence; announcements remain new",0
/Users/bakii/tradingagents 汇报/tradingagents_bundle/outputs/runs/hengrui_weekly_2026q2_forecast/audit_reports/audit_600276_2026-06-30.json,2026-06-30,input_state.sentiment_report,news,inferred,artifact_text_mention,,EastMoney,东方财富,,,,,Source inferred from final artifact text; not a tool-call log.,"s are empty; evidence audit failed; usable_evidence_rows=0; EastMoney Guba, Xueqiu, and CNInfo IRM rows count as social evidence;",0
/Users/bakii/tradingagents 汇报/tradingagents_bundle/outputs/runs/hengrui_weekly_2026q2_forecast/audit_reports/audit_600276_2026-06-30.json,2026-06-30,input_state.sentiment_report,news,inferred,artifact_text_mention,,CNInfo,巨潮资讯|CNInfo,,,,,Source inferred from final artifact text; not a tool-call log.,"failed; usable_evidence_rows=0; EastMoney Guba, Xueqiu, and CNInfo IRM rows count as social evidence; announcements remain new",0
/Users/bakii/tradingagents 汇报/tradingagents_bundle/outputs/runs/hengrui_weekly_2026q2_forecast/audit_reports/audit_600276_2026-06-30.json,2026-06-30,input_state.news_report,news,inferred,artifact_text_mention,,EastMoney,东方财富,,,,,Source inferred from final artifact text; not a tool-call log.,*分析标的：** 恒瑞医药（600276.SH） **分析日期：** 2026年6月30日 **数据来源：** 东方财富网 stock news + 巨潮资讯网 CNInfo announcements **新闻数量：** 8条（5条公,0
/Users/bakii/tradingagents 汇报/tradingagents_bundle/outputs/runs/hengrui_weekly_2026q2_forecast/audit_reports/audit_600276_2026-06-30.json,2026-06-30,input_state.news_report,news,inferred,artifact_text_mention,,CNInfo,巨潮资讯|CNInfo,,,,,Source inferred from final artifact text; not a tool-call log.,6.SH） **分析日期：** 2026年6月30日 **数据来源：** 东方财富网 stock news + 巨潮资讯网 CNInfo announcements **新闻数量：** 8条（5条公司公告 + 1条市场新闻 + 其他）,0
/Users/bakii/tradingagents 汇报/tradingagents_bundle/outputs/runs/hengrui_weekly_2026q2_forecast/audit_reports/audit_600276_2026-06-30.json,2026-06-30,input_state.data_audit_report,news,structured,tool_header,,,,,2026-06-30,,,,,0
/Users/bakii/tradingagents 汇报/tradingagents_bundle/outputs/runs/hengrui_weekly_2026q2_forecast/audit_reports/audit_600276_2026-06-30.json,2026-06-30,input_state.data_evidence_audit.fundamentals.rule,news,inferred,artifact_text_mention,,BaoStock,BaoStock,,,,,Source inferred from final artifact text; not a tool-call log.,"entals require valuation fields, audited statement rows, or BaoStock financial indicators disclosed by pubDate; announcements ar",0
/Users/bakii/tradingagents 汇报/tradingagents_bundle/outputs/runs/hengrui_weekly_2026q2_forecast/audit_reports/audit_600276_2026-06-30.json,2026-06-30,input_state.data_evidence_audit.social.rule,news,inferred,artifact_text_mention,,EastMoney,东方财富,,,,,Source inferred from final artifact text; not a tool-call log.,"EastMoney Guba, Xueqiu, and CNInfo IRM rows count as social evidence;",0
/Users/bakii/tradingagents 汇报/tradingagents_bundle/outputs/runs/hengrui_weekly_2026q2_forecast/audit_reports/audit_600276_2026-06-30.json,2026-06-30,input_state.data_evidence_audit.social.rule,news,inferred,artifact_text_mention,,CNInfo,巨潮资讯|CNInfo,,,,,Source inferred from final artifact text; not a tool-call log.,"EastMoney Guba, Xueqiu, and CNInfo IRM rows count as social evidence; announcements remain new",0
/Users/bakii/tradingagents 汇报/tradingagents_bundle/outputs/runs/hengrui_weekly_2026q2_forecast/audit_reports/audit_600276_2026-06-30.json,2026-06-30,input_state.skip_analysts.social,news,inferred,artifact_text_mention,,EastMoney,东方财富,,,,,Source inferred from final artifact text; not a tool-call log.,"s are empty; evidence audit failed; usable_evidence_rows=0; EastMoney Guba, Xueqiu, and CNInfo IRM rows count as social evidence;",0
/Users/bakii/tradingagents 汇报/tradingagents_bundle/outputs/runs/hengrui_weekly_2026q2_forecast/audit_reports/audit_600276_2026-06-30.json,2026-06-30,input_state.skip_analysts.social,news,inferred,artifact_text_mention,,CNInfo,巨潮资讯|CNInfo,,,,,Source inferred from final artifact text; not a tool-call log.,"failed; usable_evidence_rows=0; EastMoney Guba, Xueqiu, and CNInfo IRM rows count as social evidence; announcements remain new",0
/Users/bakii/tradingagents 汇报/tradingagents_bundle/outputs/runs/hengrui_weekly_2026q2_forecast/reports/report_600276_2026-04-03.md,2026-04-03,report,market,inferred,artifact_text_mention,,AkShare,AkShare,,,,,Source inferred from final artifact text; not a tool-call log.,据覆盖 | | --- | --- | --- | --- | | 市场技术分析师 | 启用 | BaoStock / AKShare 本地行情缓存 | 216 条可用证据 | | 基本面分析师 | 启用 | 东方财富公司资料 + Sina财报 + Ba,0
/Users/bakii/tradingagents 汇报/tradingagents_bundle/outputs/runs/hengrui_weekly_2026q2_forecast/reports/report_600276_2026-04-03.md,2026-04-03,report,market,inferred,artifact_text_mention,,BaoStock,BaoStock,,,,,Source inferred from final artifact text; not a tool-call log.,天使用的数据源 | 证据覆盖 | | --- | --- | --- | --- | | 市场技术分析师 | 启用 | BaoStock / AKShare 本地行情缓存 | 216 条可用证据 | | 基本面分析师 | 启用 | 东方财富公司资料 + S,0
/Users/bakii/tradingagents 汇报/tradingagents_bundle/outputs/runs/hengrui_weekly_2026q2_forecast/reports/report_600276_2026-04-03.md,2026-04-03,report,market,inferred,artifact_text_mention,,EastMoney,东方财富,,,,,Source inferred from final artifact text; not a tool-call log.,用 | BaoStock / AKShare 本地行情缓存 | 216 条可用证据 | | 基本面分析师 | 启用 | 东方财富公司资料 + Sina财报 + BaoStock财务指标 + CNInfo公告 | 60 条可用证据 | | 新闻分析师,0
/Users/bakii/tradingagents 汇报/tradingagents_bundle/outputs/runs/hengrui_weekly_2026q2_forecast/reports/report_600276_2026-04-03.md,2026-04-03,report,market,inferred,artifact_text_mention,,CNInfo,巨潮资讯|CNInfo,,,,,Source inferred from final artifact text; not a tool-call log.,条可用证据 | | 基本面分析师 | 启用 | 东方财富公司资料 + Sina财报 + BaoStock财务指标 + CNInfo公告 | 60 条可用证据 | | 新闻分析师 | 启用 | 东方财富个股新闻 + CNInfo公告（14日窗口） |,0
/Users/bakii/tradingagents 汇报/tradingagents_bundle/outputs/runs/hengrui_weekly_2026q2_forecast/reports/report_600276_2026-04-03.md,2026-04-03,report,market,inferred,artifact_text_mention,,Sina,新浪|Sina,,,,,Source inferred from final artifact text; not a tool-call log.,k / AKShare 本地行情缓存 | 216 条可用证据 | | 基本面分析师 | 启用 | 东方财富公司资料 + Sina财报 + BaoStock财务指标 + CNInfo公告 | 60 条可用证据 | | 新闻分析师 | 启用 | 东方财,0
/Users/bakii/tradingagents 汇报/tradingagents_bundle/outputs/runs/hengrui_weekly_2026q2_forecast/reports/report_600276_2026-04-10.md,2026-04-10,report,market,inferred,artifact_text_mention,,AkShare,AkShare,,,,,Source inferred from final artifact text; not a tool-call log.,据覆盖 | | --- | --- | --- | --- | | 市场技术分析师 | 启用 | BaoStock / AKShare 本地行情缓存 | 220 条可用证据 | | 基本面分析师 | 启用 | 东方财富公司资料 + Sina财报 + Ba,0
/Users/bakii/tradingagents 汇报/tradingagents_bundle/outputs/runs/hengrui_weekly_2026q2_forecast/reports/report_600276_2026-04-10.md,2026-04-10,report,market,inferred,artifact_text_mention,,BaoStock,BaoStock,,,,,Source inferred from final artifact text; not a tool-call log.,天使用的数据源 | 证据覆盖 | | --- | --- | --- | --- | | 市场技术分析师 | 启用 | BaoStock / AKShare 本地行情缓存 | 220 条可用证据 | | 基本面分析师 | 启用 | 东方财富公司资料 + S,0
/Users/bakii/tradingagents 汇报/tradingagents_bundle/outputs/runs/hengrui_weekly_2026q2_forecast/reports/report_600276_2026-04-10.md,2026-04-10,report,market,inferred,artifact_text_mention,,EastMoney,东方财富,,,,,Source inferred from final artifact text; not a tool-call log.,用 | BaoStock / AKShare 本地行情缓存 | 220 条可用证据 | | 基本面分析师 | 启用 | 东方财富公司资料 + Sina财报 + BaoStock财务指标 + CNInfo公告 | 60 条可用证据 | | 新闻分析师,0
/Users/bakii/tradingagents 汇报/tradingagents_bundle/outputs/runs/hengrui_weekly_2026q2_forecast/reports/report_600276_2026-04-10.md,2026-04-10,report,market,inferred,artifact_text_mention,,CNInfo,巨潮资讯|CNInfo,,,,,Source inferred from final artifact text; not a tool-call log.,条可用证据 | | 基本面分析师 | 启用 | 东方财富公司资料 + Sina财报 + BaoStock财务指标 + CNInfo公告 | 60 条可用证据 | | 新闻分析师 | 启用 | 东方财富个股新闻 + CNInfo公告（14日窗口） |,0
/Users/bakii/tradingagents 汇报/tradingagents_bundle/outputs/runs/hengrui_weekly_2026q2_forecast/reports/report_600276_2026-04-10.md,2026-04-10,report,market,inferred,artifact_text_mention,,Sina,新浪|Sina,,,,,Source inferred from final artifact text; not a tool-call log.,k / AKShare 本地行情缓存 | 220 条可用证据 | | 基本面分析师 | 启用 | 东方财富公司资料 + Sina财报 + BaoStock财务指标 + CNInfo公告 | 60 条可用证据 | | 新闻分析师 | 启用 | 东方财,0
/Users/bakii/tradingagents 汇报/tradingagents_bundle/outputs/runs/hengrui_weekly_2026q2_forecast/reports/report_600276_2026-04-17.md,2026-04-17,report,market,inferred,artifact_text_mention,,AkShare,AkShare,,,,,Source inferred from final artifact text; not a tool-call log.,据覆盖 | | --- | --- | --- | --- | | 市场技术分析师 | 启用 | BaoStock / AKShare 本地行情缓存 | 225 条可用证据 | | 基本面分析师 | 启用 | 东方财富公司资料 + Sina财报 + Ba,0
/Users/bakii/tradingagents 汇报/tradingagents_bundle/outputs/runs/hengrui_weekly_2026q2_forecast/reports/report_600276_2026-04-17.md,2026-04-17,report,market,inferred,artifact_text_mention,,BaoStock,BaoStock,,,,,Source inferred from final artifact text; not a tool-call log.,天使用的数据源 | 证据覆盖 | | --- | --- | --- | --- | | 市场技术分析师 | 启用 | BaoStock / AKShare 本地行情缓存 | 225 条可用证据 | | 基本面分析师 | 启用 | 东方财富公司资料 + S,0
/Users/bakii/tradingagents 汇报/tradingagents_bundle/outputs/runs/hengrui_weekly_2026q2_forecast/reports/report_600276_2026-04-17.md,2026-04-17,report,market,inferred,artifact_text_mention,,EastMoney,东方财富,,,,,Source inferred from final artifact text; not a tool-call log.,用 | BaoStock / AKShare 本地行情缓存 | 225 条可用证据 | | 基本面分析师 | 启用 | 东方财富公司资料 + Sina财报 + BaoStock财务指标 + CNInfo公告 | 60 条可用证据 | | 新闻分析师,0
/Users/bakii/tradingagents 汇报/tradingagents_bundle/outputs/runs/hengrui_weekly_2026q2_forecast/reports/report_600276_2026-04-17.md,2026-04-17,report,market,inferred,artifact_text_mention,,CNInfo,巨潮资讯|CNInfo,,,,,Source inferred from final artifact text; not a tool-call log.,条可用证据 | | 基本面分析师 | 启用 | 东方财富公司资料 + Sina财报 + BaoStock财务指标 + CNInfo公告 | 60 条可用证据 | | 新闻分析师 | 启用 | 东方财富个股新闻 + CNInfo公告（14日窗口） |,0
/Users/bakii/tradingagents 汇报/tradingagents_bundle/outputs/runs/hengrui_weekly_2026q2_forecast/reports/report_600276_2026-04-17.md,2026-04-17,report,market,inferred,artifact_text_mention,,Sina,新浪|Sina,,,,,Source inferred from final artifact text; not a tool-call log.,k / AKShare 本地行情缓存 | 225 条可用证据 | | 基本面分析师 | 启用 | 东方财富公司资料 + Sina财报 + BaoStock财务指标 + CNInfo公告 | 60 条可用证据 | | 新闻分析师 | 启用 | 东方财,0
/Users/bakii/tradingagents 汇报/tradingagents_bundle/outputs/runs/hengrui_weekly_2026q2_forecast/reports/report_600276_2026-04-24.md,2026-04-24,report,market,inferred,artifact_text_mention,,AkShare,AkShare,,,,,Source inferred from final artifact text; not a tool-call log.,据覆盖 | | --- | --- | --- | --- | | 市场技术分析师 | 启用 | BaoStock / AKShare 本地行情缓存 | 230 条可用证据 | | 基本面分析师 | 启用 | 东方财富公司资料 + Sina财报 + Ba,0
/Users/bakii/tradingagents 汇报/tradingagents_bundle/outputs/runs/hengrui_weekly_2026q2_forecast/reports/report_600276_2026-04-24.md,2026-04-24,report,market,inferred,artifact_text_mention,,BaoStock,BaoStock,,,,,Source inferred from final artifact text; not a tool-call log.,天使用的数据源 | 证据覆盖 | | --- | --- | --- | --- | | 市场技术分析师 | 启用 | BaoStock / AKShare 本地行情缓存 | 230 条可用证据 | | 基本面分析师 | 启用 | 东方财富公司资料 + S,0
/Users/bakii/tradingagents 汇报/tradingagents_bundle/outputs/runs/hengrui_weekly_2026q2_forecast/reports/report_600276_2026-04-24.md,2026-04-24,report,market,inferred,artifact_text_mention,,EastMoney,东方财富,,,,,Source inferred from final artifact text; not a tool-call log.,用 | BaoStock / AKShare 本地行情缓存 | 230 条可用证据 | | 基本面分析师 | 启用 | 东方财富公司资料 + Sina财报 + BaoStock财务指标 + CNInfo公告 | 60 条可用证据 | | 新闻分析师,0
/Users/bakii/tradingagents 汇报/tradingagents_bundle/outputs/runs/hengrui_weekly_2026q2_forecast/reports/report_600276_2026-04-24.md,2026-04-24,report,market,inferred,artifact_text_mention,,CNInfo,巨潮资讯|CNInfo,,,,,Source inferred from final artifact text; not a tool-call log.,条可用证据 | | 基本面分析师 | 启用 | 东方财富公司资料 + Sina财报 + BaoStock财务指标 + CNInfo公告 | 60 条可用证据 | | 新闻分析师 | 启用 | 东方财富个股新闻 + CNInfo公告（14日窗口） |,0
/Users/bakii/tradingagents 汇报/tradingagents_bundle/outputs/runs/hengrui_weekly_2026q2_forecast/reports/report_600276_2026-04-24.md,2026-04-24,report,market,inferred,artifact_text_mention,,Sina,新浪|Sina,,,,,Source inferred from final artifact text; not a tool-call log.,k / AKShare 本地行情缓存 | 230 条可用证据 | | 基本面分析师 | 启用 | 东方财富公司资料 + Sina财报 + BaoStock财务指标 + CNInfo公告 | 60 条可用证据 | | 新闻分析师 | 启用 | 东方财,0
/Users/bakii/tradingagents 汇报/tradingagents_bundle/outputs/runs/hengrui_weekly_2026q2_forecast/reports/report_600276_2026-05-01.md,2026-05-01,report,market,inferred,artifact_text_mention,,AkShare,AkShare,,,,,Source inferred from final artifact text; not a tool-call log.,据覆盖 | | --- | --- | --- | --- | | 市场技术分析师 | 启用 | BaoStock / AKShare 本地行情缓存 | 234 条可用证据 | | 基本面分析师 | 启用 | 东方财富公司资料 + Sina财报 + Ba,0
/Users/bakii/tradingagents 汇报/tradingagents_bundle/outputs/runs/hengrui_weekly_2026q2_forecast/reports/report_600276_2026-05-01.md,2026-05-01,report,market,inferred,artifact_text_mention,,BaoStock,BaoStock,,,,,Source inferred from final artifact text; not a tool-call log.,天使用的数据源 | 证据覆盖 | | --- | --- | --- | --- | | 市场技术分析师 | 启用 | BaoStock / AKShare 本地行情缓存 | 234 条可用证据 | | 基本面分析师 | 启用 | 东方财富公司资料 + S,0
/Users/bakii/tradingagents 汇报/tradingagents_bundle/outputs/runs/hengrui_weekly_2026q2_forecast/reports/report_600276_2026-05-01.md,2026-05-01,report,market,inferred,artifact_text_mention,,EastMoney,东方财富,,,,,Source inferred from final artifact text; not a tool-call log.,用 | BaoStock / AKShare 本地行情缓存 | 234 条可用证据 | | 基本面分析师 | 启用 | 东方财富公司资料 + Sina财报 + BaoStock财务指标 + CNInfo公告 | 60 条可用证据 | | 新闻分析师,0
/Users/bakii/tradingagents 汇报/tradingagents_bundle/outputs/runs/hengrui_weekly_2026q2_forecast/reports/report_600276_2026-05-01.md,2026-05-01,report,market,inferred,artifact_text_mention,,CNInfo,巨潮资讯|CNInfo,,,,,Source inferred from final artifact text; not a tool-call log.,条可用证据 | | 基本面分析师 | 启用 | 东方财富公司资料 + Sina财报 + BaoStock财务指标 + CNInfo公告 | 60 条可用证据 | | 新闻分析师 | 启用 | 东方财富个股新闻 + CNInfo公告（14日窗口） |,0
/Users/bakii/tradingagents 汇报/tradingagents_bundle/outputs/runs/hengrui_weekly_2026q2_forecast/reports/report_600276_2026-05-01.md,2026-05-01,report,market,inferred,artifact_text_mention,,Sina,新浪|Sina,,,,,Source inferred from final artifact text; not a tool-call log.,k / AKShare 本地行情缓存 | 234 条可用证据 | | 基本面分析师 | 启用 | 东方财富公司资料 + Sina财报 + BaoStock财务指标 + CNInfo公告 | 60 条可用证据 | | 新闻分析师 | 启用 | 东方财,0
/Users/bakii/tradingagents 汇报/tradingagents_bundle/outputs/runs/hengrui_weekly_2026q2_forecast/reports/report_600276_2026-05-08.md,2026-05-08,report,market,inferred,artifact_text_mention,,AkShare,AkShare,,,,,Source inferred from final artifact text; not a tool-call log.,据覆盖 | | --- | --- | --- | --- | | 市场技术分析师 | 启用 | BaoStock / AKShare 本地行情缓存 | 237 条可用证据 | | 基本面分析师 | 启用 | 东方财富公司资料 + Sina财报 + Ba,0
/Users/bakii/tradingagents 汇报/tradingagents_bundle/outputs/runs/hengrui_weekly_2026q2_forecast/reports/report_600276_2026-05-08.md,2026-05-08,report,market,inferred,artifact_text_mention,,BaoStock,BaoStock,,,,,Source inferred from final artifact text; not a tool-call log.,天使用的数据源 | 证据覆盖 | | --- | --- | --- | --- | | 市场技术分析师 | 启用 | BaoStock / AKShare 本地行情缓存 | 237 条可用证据 | | 基本面分析师 | 启用 | 东方财富公司资料 + S,0
/Users/bakii/tradingagents 汇报/tradingagents_bundle/outputs/runs/hengrui_weekly_2026q2_forecast/reports/report_600276_2026-05-08.md,2026-05-08,report,market,inferred,artifact_text_mention,,EastMoney,东方财富,,,,,Source inferred from final artifact text; not a tool-call log.,用 | BaoStock / AKShare 本地行情缓存 | 237 条可用证据 | | 基本面分析师 | 启用 | 东方财富公司资料 + Sina财报 + BaoStock财务指标 + CNInfo公告 | 60 条可用证据 | | 新闻分析师,0
/Users/bakii/tradingagents 汇报/tradingagents_bundle/outputs/runs/hengrui_weekly_2026q2_forecast/reports/report_600276_2026-05-08.md,2026-05-08,report,market,inferred,artifact_text_mention,,CNInfo,巨潮资讯|CNInfo,,,,,Source inferred from final artifact text; not a tool-call log.,条可用证据 | | 基本面分析师 | 启用 | 东方财富公司资料 + Sina财报 + BaoStock财务指标 + CNInfo公告 | 60 条可用证据 | | 新闻分析师 | 启用 | 东方财富个股新闻 + CNInfo公告（14日窗口） |,0
/Users/bakii/tradingagents 汇报/tradingagents_bundle/outputs/runs/hengrui_weekly_2026q2_forecast/reports/report_600276_2026-05-08.md,2026-05-08,report,market,inferred,artifact_text_mention,,Sina,新浪|Sina,,,,,Source inferred from final artifact text; not a tool-call log.,k / AKShare 本地行情缓存 | 237 条可用证据 | | 基本面分析师 | 启用 | 东方财富公司资料 + Sina财报 + BaoStock财务指标 + CNInfo公告 | 60 条可用证据 | | 新闻分析师 | 启用 | 东方财,0
/Users/bakii/tradingagents 汇报/tradingagents_bundle/outputs/runs/hengrui_weekly_2026q2_forecast/reports/report_600276_2026-05-15.md,2026-05-15,report,market,inferred,artifact_text_mention,,AkShare,AkShare,,,,,Source inferred from final artifact text; not a tool-call log.,据覆盖 | | --- | --- | --- | --- | | 市场技术分析师 | 启用 | BaoStock / AKShare 本地行情缓存 | 242 条可用证据 | | 基本面分析师 | 启用 | 东方财富公司资料 + Sina财报 + Ba,0
/Users/bakii/tradingagents 汇报/tradingagents_bundle/outputs/runs/hengrui_weekly_2026q2_forecast/reports/report_600276_2026-05-15.md,2026-05-15,report,market,inferred,artifact_text_mention,,BaoStock,BaoStock,,,,,Source inferred from final artifact text; not a tool-call log.,天使用的数据源 | 证据覆盖 | | --- | --- | --- | --- | | 市场技术分析师 | 启用 | BaoStock / AKShare 本地行情缓存 | 242 条可用证据 | | 基本面分析师 | 启用 | 东方财富公司资料 + S,0
/Users/bakii/tradingagents 汇报/tradingagents_bundle/outputs/runs/hengrui_weekly_2026q2_forecast/reports/report_600276_2026-05-15.md,2026-05-15,report,market,inferred,artifact_text_mention,,EastMoney,东方财富,,,,,Source inferred from final artifact text; not a tool-call log.,用 | BaoStock / AKShare 本地行情缓存 | 242 条可用证据 | | 基本面分析师 | 启用 | 东方财富公司资料 + Sina财报 + BaoStock财务指标 + CNInfo公告 | 60 条可用证据 | | 新闻分析师,0
/Users/bakii/tradingagents 汇报/tradingagents_bundle/outputs/runs/hengrui_weekly_2026q2_forecast/reports/report_600276_2026-05-15.md,2026-05-15,report,market,inferred,artifact_text_mention,,CNInfo,巨潮资讯|CNInfo,,,,,Source inferred from final artifact text; not a tool-call log.,条可用证据 | | 基本面分析师 | 启用 | 东方财富公司资料 + Sina财报 + BaoStock财务指标 + CNInfo公告 | 60 条可用证据 | | 新闻分析师 | 启用 | 东方财富个股新闻 + CNInfo公告（14日窗口） |,0
/Users/bakii/tradingagents 汇报/tradingagents_bundle/outputs/runs/hengrui_weekly_2026q2_forecast/reports/report_600276_2026-05-15.md,2026-05-15,report,market,inferred,artifact_text_mention,,Sina,新浪|Sina,,,,,Source inferred from final artifact text; not a tool-call log.,k / AKShare 本地行情缓存 | 242 条可用证据 | | 基本面分析师 | 启用 | 东方财富公司资料 + Sina财报 + BaoStock财务指标 + CNInfo公告 | 60 条可用证据 | | 新闻分析师 | 启用 | 东方财,0
/Users/bakii/tradingagents 汇报/tradingagents_bundle/outputs/runs/hengrui_weekly_2026q2_forecast/reports/report_600276_2026-05-22.md,2026-05-22,report,market,inferred,artifact_text_mention,,AkShare,AkShare,,,,,Source inferred from final artifact text; not a tool-call log.,据覆盖 | | --- | --- | --- | --- | | 市场技术分析师 | 启用 | BaoStock / AKShare 本地行情缓存 | 247 条可用证据 | | 基本面分析师 | 启用 | 东方财富公司资料 + Sina财报 + Ba,0
/Users/bakii/tradingagents 汇报/tradingagents_bundle/outputs/runs/hengrui_weekly_2026q2_forecast/reports/report_600276_2026-05-22.md,2026-05-22,report,market,inferred,artifact_text_mention,,BaoStock,BaoStock,,,,,Source inferred from final artifact text; not a tool-call log.,天使用的数据源 | 证据覆盖 | | --- | --- | --- | --- | | 市场技术分析师 | 启用 | BaoStock / AKShare 本地行情缓存 | 247 条可用证据 | | 基本面分析师 | 启用 | 东方财富公司资料 + S,0
/Users/bakii/tradingagents 汇报/tradingagents_bundle/outputs/runs/hengrui_weekly_2026q2_forecast/reports/report_600276_2026-05-22.md,2026-05-22,report,market,inferred,artifact_text_mention,,EastMoney,东方财富,,,,,Source inferred from final artifact text; not a tool-call log.,用 | BaoStock / AKShare 本地行情缓存 | 247 条可用证据 | | 基本面分析师 | 启用 | 东方财富公司资料 + Sina财报 + BaoStock财务指标 + CNInfo公告 | 60 条可用证据 | | 新闻分析师,0
/Users/bakii/tradingagents 汇报/tradingagents_bundle/outputs/runs/hengrui_weekly_2026q2_forecast/reports/report_600276_2026-05-22.md,2026-05-22,report,market,inferred,artifact_text_mention,,CNInfo,巨潮资讯|CNInfo,,,,,Source inferred from final artifact text; not a tool-call log.,条可用证据 | | 基本面分析师 | 启用 | 东方财富公司资料 + Sina财报 + BaoStock财务指标 + CNInfo公告 | 60 条可用证据 | | 新闻分析师 | 启用 | 东方财富个股新闻 + CNInfo公告（14日窗口） |,0
/Users/bakii/tradingagents 汇报/tradingagents_bundle/outputs/runs/hengrui_weekly_2026q2_forecast/reports/report_600276_2026-05-22.md,2026-05-22,report,market,inferred,artifact_text_mention,,Sina,新浪|Sina,,,,,Source inferred from final artifact text; not a tool-call log.,k / AKShare 本地行情缓存 | 247 条可用证据 | | 基本面分析师 | 启用 | 东方财富公司资料 + Sina财报 + BaoStock财务指标 + CNInfo公告 | 60 条可用证据 | | 新闻分析师 | 启用 | 东方财,0
/Users/bakii/tradingagents 汇报/tradingagents_bundle/outputs/runs/hengrui_weekly_2026q2_forecast/reports/report_600276_2026-05-29.md,2026-05-29,report,market,inferred,artifact_text_mention,,AkShare,AkShare,,,,,Source inferred from final artifact text; not a tool-call log.,据覆盖 | | --- | --- | --- | --- | | 市场技术分析师 | 启用 | BaoStock / AKShare 本地行情缓存 | 252 条可用证据 | | 基本面分析师 | 启用 | 东方财富公司资料 + Sina财报 + Ba,0
/Users/bakii/tradingagents 汇报/tradingagents_bundle/outputs/runs/hengrui_weekly_2026q2_forecast/reports/report_600276_2026-05-29.md,2026-05-29,report,market,inferred,artifact_text_mention,,BaoStock,BaoStock,,,,,Source inferred from final artifact text; not a tool-call log.,天使用的数据源 | 证据覆盖 | | --- | --- | --- | --- | | 市场技术分析师 | 启用 | BaoStock / AKShare 本地行情缓存 | 252 条可用证据 | | 基本面分析师 | 启用 | 东方财富公司资料 + S,0
/Users/bakii/tradingagents 汇报/tradingagents_bundle/outputs/runs/hengrui_weekly_2026q2_forecast/reports/report_600276_2026-05-29.md,2026-05-29,report,market,inferred,artifact_text_mention,,EastMoney,东方财富,,,,,Source inferred from final artifact text; not a tool-call log.,用 | BaoStock / AKShare 本地行情缓存 | 252 条可用证据 | | 基本面分析师 | 启用 | 东方财富公司资料 + Sina财报 + BaoStock财务指标 + CNInfo公告 | 60 条可用证据 | | 新闻分析师,0
/Users/bakii/tradingagents 汇报/tradingagents_bundle/outputs/runs/hengrui_weekly_2026q2_forecast/reports/report_600276_2026-05-29.md,2026-05-29,report,market,inferred,artifact_text_mention,,CNInfo,巨潮资讯|CNInfo,,,,,Source inferred from final artifact text; not a tool-call log.,条可用证据 | | 基本面分析师 | 启用 | 东方财富公司资料 + Sina财报 + BaoStock财务指标 + CNInfo公告 | 60 条可用证据 | | 新闻分析师 | 启用 | 东方财富个股新闻 + CNInfo公告（14日窗口） |,0
/Users/bakii/tradingagents 汇报/tradingagents_bundle/outputs/runs/hengrui_weekly_2026q2_forecast/reports/report_600276_2026-05-29.md,2026-05-29,report,market,inferred,artifact_text_mention,,Sina,新浪|Sina,,,,,Source inferred from final artifact text; not a tool-call log.,k / AKShare 本地行情缓存 | 252 条可用证据 | | 基本面分析师 | 启用 | 东方财富公司资料 + Sina财报 + BaoStock财务指标 + CNInfo公告 | 60 条可用证据 | | 新闻分析师 | 启用 | 东方财,0
/Users/bakii/tradingagents 汇报/tradingagents_bundle/outputs/runs/hengrui_weekly_2026q2_forecast/reports/report_600276_2026-06-05.md,2026-06-05,report,market,inferred,artifact_text_mention,,AkShare,AkShare,,,,,Source inferred from final artifact text; not a tool-call log.,据覆盖 | | --- | --- | --- | --- | | 市场技术分析师 | 启用 | BaoStock / AKShare 本地行情缓存 | 257 条可用证据 | | 基本面分析师 | 启用 | 东方财富公司资料 + Sina财报 + Ba,0
/Users/bakii/tradingagents 汇报/tradingagents_bundle/outputs/runs/hengrui_weekly_2026q2_forecast/reports/report_600276_2026-06-05.md,2026-06-05,report,market,inferred,artifact_text_mention,,BaoStock,BaoStock,,,,,Source inferred from final artifact text; not a tool-call log.,天使用的数据源 | 证据覆盖 | | --- | --- | --- | --- | | 市场技术分析师 | 启用 | BaoStock / AKShare 本地行情缓存 | 257 条可用证据 | | 基本面分析师 | 启用 | 东方财富公司资料 + S,0
/Users/bakii/tradingagents 汇报/tradingagents_bundle/outputs/runs/hengrui_weekly_2026q2_forecast/reports/report_600276_2026-06-05.md,2026-06-05,report,market,inferred,artifact_text_mention,,EastMoney,东方财富,,,,,Source inferred from final artifact text; not a tool-call log.,用 | BaoStock / AKShare 本地行情缓存 | 257 条可用证据 | | 基本面分析师 | 启用 | 东方财富公司资料 + Sina财报 + BaoStock财务指标 + CNInfo公告 | 60 条可用证据 | | 新闻分析师,0
/Users/bakii/tradingagents 汇报/tradingagents_bundle/outputs/runs/hengrui_weekly_2026q2_forecast/reports/report_600276_2026-06-05.md,2026-06-05,report,market,inferred,artifact_text_mention,,CNInfo,巨潮资讯|CNInfo,,,,,Source inferred from final artifact text; not a tool-call log.,条可用证据 | | 基本面分析师 | 启用 | 东方财富公司资料 + Sina财报 + BaoStock财务指标 + CNInfo公告 | 60 条可用证据 | | 新闻分析师 | 启用 | 东方财富个股新闻 + CNInfo公告（14日窗口） |,0
/Users/bakii/tradingagents 汇报/tradingagents_bundle/outputs/runs/hengrui_weekly_2026q2_forecast/reports/report_600276_2026-06-05.md,2026-06-05,report,market,inferred,artifact_text_mention,,Sina,新浪|Sina,,,,,Source inferred from final artifact text; not a tool-call log.,k / AKShare 本地行情缓存 | 257 条可用证据 | | 基本面分析师 | 启用 | 东方财富公司资料 + Sina财报 + BaoStock财务指标 + CNInfo公告 | 60 条可用证据 | | 新闻分析师 | 启用 | 东方财,0
/Users/bakii/tradingagents 汇报/tradingagents_bundle/outputs/runs/hengrui_weekly_2026q2_forecast/reports/report_600276_2026-06-12.md,2026-06-12,report,market,inferred,artifact_text_mention,,AkShare,AkShare,,,,,Source inferred from final artifact text; not a tool-call log.,据覆盖 | | --- | --- | --- | --- | | 市场技术分析师 | 启用 | BaoStock / AKShare 本地行情缓存 | 262 条可用证据 | | 基本面分析师 | 启用 | 东方财富公司资料 + Sina财报 + Ba,0
/Users/bakii/tradingagents 汇报/tradingagents_bundle/outputs/runs/hengrui_weekly_2026q2_forecast/reports/report_600276_2026-06-12.md,2026-06-12,report,market,inferred,artifact_text_mention,,BaoStock,BaoStock,,,,,Source inferred from final artifact text; not a tool-call log.,天使用的数据源 | 证据覆盖 | | --- | --- | --- | --- | | 市场技术分析师 | 启用 | BaoStock / AKShare 本地行情缓存 | 262 条可用证据 | | 基本面分析师 | 启用 | 东方财富公司资料 + S,0
/Users/bakii/tradingagents 汇报/tradingagents_bundle/outputs/runs/hengrui_weekly_2026q2_forecast/reports/report_600276_2026-06-12.md,2026-06-12,report,market,inferred,artifact_text_mention,,EastMoney,东方财富,,,,,Source inferred from final artifact text; not a tool-call log.,用 | BaoStock / AKShare 本地行情缓存 | 262 条可用证据 | | 基本面分析师 | 启用 | 东方财富公司资料 + Sina财报 + BaoStock财务指标 + CNInfo公告 | 60 条可用证据 | | 新闻分析师,0
/Users/bakii/tradingagents 汇报/tradingagents_bundle/outputs/runs/hengrui_weekly_2026q2_forecast/reports/report_600276_2026-06-12.md,2026-06-12,report,market,inferred,artifact_text_mention,,CNInfo,巨潮资讯|CNInfo,,,,,Source inferred from final artifact text; not a tool-call log.,条可用证据 | | 基本面分析师 | 启用 | 东方财富公司资料 + Sina财报 + BaoStock财务指标 + CNInfo公告 | 60 条可用证据 | | 新闻分析师 | 启用 | 东方财富个股新闻 + CNInfo公告（14日窗口） |,0
/Users/bakii/tradingagents 汇报/tradingagents_bundle/outputs/runs/hengrui_weekly_2026q2_forecast/reports/report_600276_2026-06-12.md,2026-06-12,report,market,inferred,artifact_text_mention,,Sina,新浪|Sina,,,,,Source inferred from final artifact text; not a tool-call log.,k / AKShare 本地行情缓存 | 262 条可用证据 | | 基本面分析师 | 启用 | 东方财富公司资料 + Sina财报 + BaoStock财务指标 + CNInfo公告 | 60 条可用证据 | | 新闻分析师 | 启用 | 东方财,0
/Users/bakii/tradingagents 汇报/tradingagents_bundle/outputs/runs/hengrui_weekly_2026q2_forecast/reports/report_600276_2026-06-19.md,2026-06-19,report,market,inferred,artifact_text_mention,,AkShare,AkShare,,,,,Source inferred from final artifact text; not a tool-call log.,据覆盖 | | --- | --- | --- | --- | | 市场技术分析师 | 启用 | BaoStock / AKShare 本地行情缓存 | 266 条可用证据 | | 基本面分析师 | 启用 | 东方财富公司资料 + Sina财报 + Ba,0
/Users/bakii/tradingagents 汇报/tradingagents_bundle/outputs/runs/hengrui_weekly_2026q2_forecast/reports/report_600276_2026-06-19.md,2026-06-19,report,market,inferred,artifact_text_mention,,BaoStock,BaoStock,,,,,Source inferred from final artifact text; not a tool-call log.,天使用的数据源 | 证据覆盖 | | --- | --- | --- | --- | | 市场技术分析师 | 启用 | BaoStock / AKShare 本地行情缓存 | 266 条可用证据 | | 基本面分析师 | 启用 | 东方财富公司资料 + S,0
/Users/bakii/tradingagents 汇报/tradingagents_bundle/outputs/runs/hengrui_weekly_2026q2_forecast/reports/report_600276_2026-06-19.md,2026-06-19,report,market,inferred,artifact_text_mention,,EastMoney,东方财富,,,,,Source inferred from final artifact text; not a tool-call log.,用 | BaoStock / AKShare 本地行情缓存 | 266 条可用证据 | | 基本面分析师 | 启用 | 东方财富公司资料 + Sina财报 + BaoStock财务指标 + CNInfo公告 | 60 条可用证据 | | 新闻分析师,0
/Users/bakii/tradingagents 汇报/tradingagents_bundle/outputs/runs/hengrui_weekly_2026q2_forecast/reports/report_600276_2026-06-19.md,2026-06-19,report,market,inferred,artifact_text_mention,,CNInfo,巨潮资讯|CNInfo,,,,,Source inferred from final artifact text; not a tool-call log.,条可用证据 | | 基本面分析师 | 启用 | 东方财富公司资料 + Sina财报 + BaoStock财务指标 + CNInfo公告 | 60 条可用证据 | | 新闻分析师 | 启用 | 东方财富个股新闻 + CNInfo公告（14日窗口） |,0
/Users/bakii/tradingagents 汇报/tradingagents_bundle/outputs/runs/hengrui_weekly_2026q2_forecast/reports/report_600276_2026-06-19.md,2026-06-19,report,market,inferred,artifact_text_mention,,Sina,新浪|Sina,,,,,Source inferred from final artifact text; not a tool-call log.,k / AKShare 本地行情缓存 | 266 条可用证据 | | 基本面分析师 | 启用 | 东方财富公司资料 + Sina财报 + BaoStock财务指标 + CNInfo公告 | 60 条可用证据 | | 新闻分析师 | 启用 | 东方财,0
/Users/bakii/tradingagents 汇报/tradingagents_bundle/outputs/runs/hengrui_weekly_2026q2_forecast/reports/report_600276_2026-06-26.md,2026-06-26,report,market,inferred,artifact_text_mention,,AkShare,AkShare,,,,,Source inferred from final artifact text; not a tool-call log.,据覆盖 | | --- | --- | --- | --- | | 市场技术分析师 | 启用 | BaoStock / AKShare 本地行情缓存 | 271 条可用证据 | | 基本面分析师 | 启用 | 东方财富公司资料 + Sina财报 + Ba,0
/Users/bakii/tradingagents 汇报/tradingagents_bundle/outputs/runs/hengrui_weekly_2026q2_forecast/reports/report_600276_2026-06-26.md,2026-06-26,report,market,inferred,artifact_text_mention,,BaoStock,BaoStock,,,,,Source inferred from final artifact text; not a tool-call log.,天使用的数据源 | 证据覆盖 | | --- | --- | --- | --- | | 市场技术分析师 | 启用 | BaoStock / AKShare 本地行情缓存 | 271 条可用证据 | | 基本面分析师 | 启用 | 东方财富公司资料 + S,0
/Users/bakii/tradingagents 汇报/tradingagents_bundle/outputs/runs/hengrui_weekly_2026q2_forecast/reports/report_600276_2026-06-26.md,2026-06-26,report,market,inferred,artifact_text_mention,,EastMoney,东方财富,,,,,Source inferred from final artifact text; not a tool-call log.,用 | BaoStock / AKShare 本地行情缓存 | 271 条可用证据 | | 基本面分析师 | 启用 | 东方财富公司资料 + Sina财报 + BaoStock财务指标 + CNInfo公告 | 60 条可用证据 | | 新闻分析师,0
/Users/bakii/tradingagents 汇报/tradingagents_bundle/outputs/runs/hengrui_weekly_2026q2_forecast/reports/report_600276_2026-06-26.md,2026-06-26,report,market,inferred,artifact_text_mention,,CNInfo,巨潮资讯|CNInfo,,,,,Source inferred from final artifact text; not a tool-call log.,条可用证据 | | 基本面分析师 | 启用 | 东方财富公司资料 + Sina财报 + BaoStock财务指标 + CNInfo公告 | 60 条可用证据 | | 新闻分析师 | 启用 | 东方财富个股新闻 + CNInfo公告（14日窗口） |,0
/Users/bakii/tradingagents 汇报/tradingagents_bundle/outputs/runs/hengrui_weekly_2026q2_forecast/reports/report_600276_2026-06-26.md,2026-06-26,report,market,inferred,artifact_text_mention,,Sina,新浪|Sina,,,,,Source inferred from final artifact text; not a tool-call log.,k / AKShare 本地行情缓存 | 271 条可用证据 | | 基本面分析师 | 启用 | 东方财富公司资料 + Sina财报 + BaoStock财务指标 + CNInfo公告 | 60 条可用证据 | | 新闻分析师 | 启用 | 东方财,0
/Users/bakii/tradingagents 汇报/tradingagents_bundle/outputs/runs/hengrui_weekly_2026q2_forecast/reports/report_600276_2026-06-30.md,2026-06-30,report,market,inferred,artifact_text_mention,,AkShare,AkShare,,,,,Source inferred from final artifact text; not a tool-call log.,据覆盖 | | --- | --- | --- | --- | | 市场技术分析师 | 启用 | BaoStock / AKShare 本地行情缓存 | 273 条可用证据 | | 基本面分析师 | 启用 | 东方财富公司资料 + Sina财报 + Ba,0
/Users/bakii/tradingagents 汇报/tradingagents_bundle/outputs/runs/hengrui_weekly_2026q2_forecast/reports/report_600276_2026-06-30.md,2026-06-30,report,market,inferred,artifact_text_mention,,BaoStock,BaoStock,,,,,Source inferred from final artifact text; not a tool-call log.,天使用的数据源 | 证据覆盖 | | --- | --- | --- | --- | | 市场技术分析师 | 启用 | BaoStock / AKShare 本地行情缓存 | 273 条可用证据 | | 基本面分析师 | 启用 | 东方财富公司资料 + S,0
/Users/bakii/tradingagents 汇报/tradingagents_bundle/outputs/runs/hengrui_weekly_2026q2_forecast/reports/report_600276_2026-06-30.md,2026-06-30,report,market,inferred,artifact_text_mention,,EastMoney,东方财富,,,,,Source inferred from final artifact text; not a tool-call log.,用 | BaoStock / AKShare 本地行情缓存 | 273 条可用证据 | | 基本面分析师 | 启用 | 东方财富公司资料 + Sina财报 + BaoStock财务指标 + CNInfo公告 | 60 条可用证据 | | 新闻分析师,0
/Users/bakii/tradingagents 汇报/tradingagents_bundle/outputs/runs/hengrui_weekly_2026q2_forecast/reports/report_600276_2026-06-30.md,2026-06-30,report,market,inferred,artifact_text_mention,,CNInfo,巨潮资讯|CNInfo,,,,,Source inferred from final artifact text; not a tool-call log.,条可用证据 | | 基本面分析师 | 启用 | 东方财富公司资料 + Sina财报 + BaoStock财务指标 + CNInfo公告 | 60 条可用证据 | | 新闻分析师 | 启用 | 东方财富个股新闻 + CNInfo公告（14日窗口） |,0
/Users/bakii/tradingagents 汇报/tradingagents_bundle/outputs/runs/hengrui_weekly_2026q2_forecast/reports/report_600276_2026-06-30.md,2026-06-30,report,market,inferred,artifact_text_mention,,Sina,新浪|Sina,,,,,Source inferred from final artifact text; not a tool-call log.,k / AKShare 本地行情缓存 | 273 条可用证据 | | 基本面分析师 | 启用 | 东方财富公司资料 + Sina财报 + BaoStock财务指标 + CNInfo公告 | 60 条可用证据 | | 新闻分析师 | 启用 | 东方财,0
