date,ticker,status,error_message,action,confidence,risk_score,target_price,action_score,score,target_position,reasoning
2026-04-03,601138,ok,,持有,0.6,0.5,55.0,0.5,0.5,0.3,估值层面PE 18.9倍处于历史低位具有安全边际，布林带下轨47.74元提供下行保护；技术面MACD柱状图转红是近期首次做多信号，RSI6为58.56仍处健康区域；但MACD双线仍在零轴下方运行，中期趋势未完全确认，且成交量未有效放大（782万手）显示上涨动能存疑，无明确催化剂。综合判断进可攻退可守的持有策略，仓位控制在25-35%，止损位50元，目标价54-56元。
2026-04-10,601138,ok,,持有,0.63,0.55,58.0,0.5,0.5,0.5,短期RSI 71.17超买、布林带上轨突破，调整概率超70%，赔率不对称（向上5-10%空间vs向下10%空间）；但中期均线多头排列完整未破，¥52-51.6支撑有效，PE 18.9倍估值合理。持有观望等待¥53-54回调机会，跌破¥51.5止损。
2026-04-17,601138,ok,,持有,0.7,0.55,63.0,0.5,0.5,0.35,短线技术面极度超买（布林带97.8%、RSI77.29、距上轨仅0.56%），MACD红柱收缩表明多头动能衰减，无基本面催化，短期震荡整固概率60%。但中期均线黄金交叉确认上升趋势未破，估值低于行业均值（PE18.9倍、PB1.13倍）提供安全垫，MA20（53.40元）不有效跌破则趋势延续。建议已持仓者维持30-40%仓位不追高，空仓者20-25%轻仓试探，分批建仓降低择时风险。软止损设¥56，
2026-04-24,601138,ok,,持有,0.7,0.5,68.0,0.5,0.5,0.4,短期技术面与中期趋势逻辑僵持。RSI三周期超买（67.40/71.23/72.26）表明短期获利盘压力沉重，期望值为负；均线多头结构未破（MA10在61.55元），PE18.9倍相对低估。建议已有持仓降至40%-45%，空仓不新建仓，等待回调至60-63元或放量突破68.24元确认后再做决策。代工利润率约束（7.4%毛利率、4.2%净利率）限制AI估值溢价空间。
2026-05-01,601138,ok,,持有,0.7,0.5,68.0,0.5,0.5,0.5,中期均线多头排列未破坏（MA20 60.25元、MA60 59.92元），MACD零轴上方红柱维持中期多头格局；PE 18.9倍、PB 1.13倍低于行业均值20-40%提供估值安全边际；速动比率0.87为中长期隐患但在5个交易日周期内不构成决定因素。分批建仓策略：当前价62-63元建立10%底仓，60.25-60.50元（MA20+BOLL中轨共振）加仓至15%-20%，止损位60元下方。短期目
2026-05-08,601138,ok,,持有,0.6,0.5,67.0,0.5,0.5,0.5,多空因素交织，短期无单边方向，建议持有3-5成仓位。激进派AI需求逻辑存在跳跃，广达、纬颖等台系代工厂竞争激烈；保守派极端谨慎忽视了PE 18.9倍估值安全垫和三重均线技术支撑有效性。MACD死叉短期动能偏弱，但零轴上方调整性质偏回撤非反转。目标价格：保守65-68元（1-2周），基准68-72元（3-4周），乐观75-80元（1-2月）。硬止损60.50元，软止损61.94元跌破后观察反抽力度。
2026-05-15,601138,ok,,持有,0.7,0.6,64.5,0.5,0.5,0.04,当前位置（67.62元）处于布林带上轨71.8%分位，RSI出现不同周期分化（RSI6走平向下，RSI12/24仍在攀升），技术面指向5%-8%回调风险。估值处于合理区间上沿（PE 18.9倍，PEG 2.4-3.8倍），AI业务虽增长200%但占营收不足10%未改变代工本质。当前缺少明确催化剂，非理想建仓价位。已有持仓建议持有并收紧止损至64.50元，空仓投资者应等待回调至64-66元区间缩量企
2026-05-22,601138,ok,,持有,0.7,0.55,70.5,0.5,0.5,0.5,技术面MACD多头格局未破但动能衰减，估值PB1.13倍提供心理支撑但ROE持续下滑至6.2%显示基本面边际恶化，AI算力催化剂为长期逻辑短期无法证伪。当前价格67.16元处于65.50-70.23元震荡区间中轴，多空力量暂时均衡，区间震荡是最可能情景（概率50%）。激进派将假设当事实缺乏可量化支撑，保守派过度悲观忽视规模壁垒。持有观望等待明确信号：放量突破70.50元或缩量回落至64.50-65
2026-05-29,601138,ok,,持有,0.65,0.45,79.0,0.5,0.5,0.5,均线多头格局完整，MA10(69.71元)未破前中期趋势延续；风险收益比有利（下行约5%vs上行6-8%）；RSI超买和布林带极端分位提示短期调整概率上升，但无明确下跌催化剂。建议已有持仓持有，空仓者等待回踩72.50-73元区间机会再介入。止损位67.70元，最大持仓不超过50%。
2026-06-05,601138,ok,,持有,0.65,0.5,83.0,0.5,0.5,0.5,短期顶背离已形成，MA5死叉MA10显示技术承压，不宜追涨；但MA20(71.09元)和MA60(70.10元)均线系统完好，70元分水岭未破，中期趋势尚存。当前建议观望等待方向明确，70-72元区间缩量企稳可考虑试探建仓，跌破68元执行止损。中期若趋势保持，目标看82-85元区域(对应PB修复至1.3倍)。
