date,ticker,signal,buy_hold_sell,final_trade_decision
2024-03-29,600036.SH,Hold,Hold,"好的，各位同事。

作为投资组合经理，我已全面审阅了研究经理的投资计划、交易员的交易提案、过往五次决策的教训，以及三位风险分析师——激进派、保守派和中立派——的激烈辩论。现在，我必须将所有这些信息整合，做出一个可执行、基于证据的最终交易决定。

### 最终交易决定

**评级：Underweight（低配）**

**执行方案：立即行动，在当前价格区间（27.00元 - 27.30元）内，分批卖出当前持有仓位的 **35%**。 硬止损进一步收窄至 **24.80元**（低于前期低点及保守派建议的25.0元，以容纳短期波动）。空仓者保持现金，禁止建立任何新仓位。**

---

### 核心决策理由

我的决定是基于三个核心证据层面逐层推导得出的，并最终在“风险敞口”与“潜在反弹”之间找到了一个具体执行锚点。

**第一，过往五次教训的终极共识：营收，而非估值，是唯一的定价锚。**

从2024年3月至今的五次决策周期中，一个模式反复出现：
- **2024-03-01 (Overweight, alpha -0.3%)**: 教训是“严格等待基本面催化剂，而非仅凭估值低位布局”。
- **2024-03-04 (Underweight, alpha -1.1%)**: 教训是“营收负增长是核心矛盾，低PB隐含价值陷阱风险”。
- **2024-03-29 (Underweight, alpha -0.7%)**: 教训是“在营收未确认企稳前，任何基于估值的加仓都是错误的”。
- **2024-05-15 (Hold, alpha -1.1%)**: 教训是“当技术面缩量叠加基本面未现拐点时，任何中性持仓都不如直接减仓”。

**这五次教训清晰指向一个结论：对于`600036.SH`，营收增速是唯一的先行指标。** 当营收负增长是主要矛盾时，任何基于低PB、高股息、黄金交叉等理由的加仓或坚持持仓，都被市场持续惩罚。研究经理的最终裁决也确认了“营收利润双降是硬数据”这一核心论点。在2024年Q1营收同比下降4.65%的现实下，保守派的观点——营收负增长是当前正在发生的风险——具备压倒性的证据优势。

**第二，辩论的胜负：保守派与中立派在“风险暴露管理”上达成共识，否决了激进派的“押注转折”。**

1.  **否决激进派的“黄金交叉是买入信号”论**：激进分析师的核心论据“黄金交叉是可靠看涨信号”在基本面证据面前显得苍白。保守派精准地指出：“一个黄金交叉，在一个营收负增长、净息差加速收窄的银行股身上，恰恰可能是多头陷阱。” 中立派也补充，黄金交叉在基本面趋势与技术面背离时失败案例并不罕见。**激进派未能提供任何证据表明，招商银行的零售护城河或非息收入增长足以扭转营收负增长这一核心事实。**  他的“风险收益比4%对10%”计算，完全忽略了在T+1制度下，跌破关键支撑位（如26元）后可能引发的连锁止损踩踏，实际下行风险远高于他的测算。

2.  **否决激进派的“清仓”建议**：虽然长期趋势看空，但激进派建议“清仓”甚至“卖出50%”过于极端。保守派提出的“卖出30%-40%”幅度和中立派支持的“平衡方案”更符合风险管理原则。招商银行0.8倍PB、5.5%股息率，虽不能作为买入理由，但提供了安全边际，完全清仓意味着将错失任何由分红预期或政策催化带来的超跌反弹。持有60%-65%的仓位，是承认“基本面下行是主趋势”与“技术面存在短期反弹可能”之间的务实妥协。

3.  **采纳中立派的“平衡”与保守派的“严格止损”**：中立派的方案——卖出30%-40%并保留现金以应对不确定性——是当前风险收益比最优的选择。同时，我将保守派的止损位25.0元下调至**24.80元**，理由如下：第一，当前价格27.22元距保守派提议的25.0元止损尚有8.2%，而技术上的近期低点在25.82元，若跌破该点，趋势可能加速恶化。24.80元提供了一个更紧密的止损，减少被短期波动踢出的概率，同时更严格地锁定了下行风险。第二，这借鉴了中立派对“跌破26元后下方没有明确支撑”的担忧。一个更紧的止损，是对基本面持续恶化这一核心风险的直接对冲。

**第三，交易员提案的修正与执行锚点。**

交易员提议在28.0元卖出，这过于理想化，等待技术反弹可能错失减仓时机。当前价格27.22元存在多空博弈，正是分批减仓的良机。我决定采用**立即行动**而非“等待反弹”，因为：
- **执行力优先**：我们不预测价格，我们管理风险。在当前价格已印证研究经理“Underweight”判断的情况下，立即执行减仓，将风险管理从“计划”转化为“行动”。
- **成交量支持**：截至当前，成交量为42万手，处于地量水平，说明抛压不大，减仓对市场冲击成本可控。

### 最终执行计划

1.  **减仓动作**：**立即**，在27.00 - 27.30元价格区间内，使用限价单（+0.3%内）分批卖出当前持仓的**35%**。目标是将总风险敞口降低约三分之一。
2.  **硬止损**：将止损位从保守派的25.0元下移至**24.80元**。此价位低于近期低点25.82元，防止被洗盘出局；同时以绝对止损锁定不可接受的下行风险。若股价有效跌破24.80元（盘中或收盘），立即市价清仓剩余所有仓位。
3.  **后续观察与二次行动**：
    - **积极情景**：若股价在26.00元（前期密集成交区及200日SMA附近）获得支撑，且**单日成交量重新回升至80万手以上**，可暂停减仓，维持剩余65%仓位观察。
    - **消极情景**：若MACD柱状线连续5个交易日为负，或股价跌破26.00元并放量（成交量超过100万手），应视为“黄金交叉”信号失效的信号，执行**第二次减仓**，将总仓位降至50%以下，即再卖出当前剩余仓位的15%。
4.  **对空仓者**：严格执行“禁止买入”指令。在营收同比增速转正、净息差企稳回升之前，任何买入行为都应取消。耐心等待更佳入场点（如布林下轨25元附近并配合放量企稳信号）。

**最终总结：**

这不是一个看空招商银行长期价值的决定。它是对当前 **“营收负增长”这一核心矛盾** 的纪律性回应。我们用一个果断的、35%的减仓动作，将风险敞口主动降低，同时保留了65%的仓位以捕捉技术性反弹的可能。过往五次决策的教训已经证明，忽视这一矛盾将付出代价。现在，我们用行动来执行这一认知。

**行动吧。**"
