Symbol,Date,Open,High,Low,Close,Volume,Amount,Source
000300,2024-11-15,4025.6482,4049.071,3968.8308,3968.8308,24739946300,474079686588.2,baostock
000300,2024-11-18,3982.1036,4034.0596,3931.1872,3950.3806,30677794600,472408054830.7,baostock
000300,2024-11-19,3954.6038,3979.1505,3896.7493,3976.8912,24294646500,402610970340.1,baostock
000300,2024-11-20,3966.1238,4001.0847,3958.3383,3985.7727,18459937200,347577693099.5,baostock
000300,2024-11-21,3979.4554,3999.5693,3966.0658,3989.2979,16612592700,324235010779.0,baostock
000300,2024-11-22,3984.2435,3990.2647,3865.6989,3865.6989,21628580900,397566831847.8,baostock
000300,2024-11-25,3875.6126,3889.7069,3812.3179,3848.0909,19070295300,349006773180.1,baostock
000300,2024-11-26,3836.259,3875.229,3833.2842,3840.1847,14989244100,264403254830.0,baostock
000300,2024-11-27,3829.3442,3907.164,3817.9125,3907.0447,17413609600,320632355477.0,baostock
000300,2024-11-28,3904.2525,3908.3918,3866.0136,3872.5505,15011729100,286432871223.5,baostock
000300,2024-11-29,3869.8903,3962.7002,3869.8903,3916.5832,18765671300,375262017919.2,baostock
000300,2024-12-02,3909.7029,3955.1252,3902.1697,3947.632,19728978400,368591235990.8,baostock
000300,2024-12-03,3946.7034,3963.9474,3922.8425,3951.8912,18249686700,327295048700.8,baostock
000300,2024-12-04,3948.13,3957.365,3917.7467,3930.5568,17462631800,312040419081.5,baostock
000300,2024-12-05,3916.5638,3936.3358,3910.0834,3921.5881,13853403800,257716297996.5,baostock
000300,2024-12-06,3923.8954,3995.1168,3923.8954,3973.1405,19205790700,351751735425.0,baostock
000300,2024-12-09,3970.6628,3995.5116,3948.4206,3966.5708,17595995800,308227216702.9,baostock
000300,2024-12-10,4094.05,4098.3804,3988.9676,3995.6369,25346379500,487278042807.0,baostock
000300,2024-12-11,3988.0179,4005.3253,3977.3522,3988.8308,17725284600,310713317895.4,baostock
000300,2024-12-12,3987.1525,4031.7441,3981.3485,4028.5048,18162177700,333667518401.4,baostock
000300,2024-12-13,4000.9854,4000.9854,3931.7392,3933.1808,23035307900,421478609274.0,baostock
000300,2024-12-16,3930.7807,3938.7595,3901.6465,3911.8416,17851125100,327619081581.3,baostock
000300,2024-12-17,3908.1263,3955.945,3908.1263,3922.0334,16093909000,306037370846.7,baostock
000300,2024-12-18,3934.5425,3956.1441,3933.9693,3941.89,15773832100,276825381224.3,baostock
000300,2024-12-19,3911.8901,3954.3491,3899.7479,3945.4635,16108104000,321771606933.4,baostock
000300,2024-12-20,3937.4722,3958.6336,3923.2562,3927.7441,15498649600,332143276397.7,baostock
000300,2024-12-23,3928.1493,3965.8502,3928.1493,3933.5718,19006736200,354063425208.7,baostock
000300,2024-12-24,3934.9422,3985.8588,3934.7338,3983.6882,16149458900,310384873294.2,baostock
000300,2024-12-25,3987.9557,4007.7626,3969.4766,3985.6291,15939074700,299295145793.1,baostock
000300,2024-12-26,3981.7317,3991.5331,3965.5461,3987.4801,14342528600,305769929402.7,baostock
000300,2024-12-27,3987.0189,4007.1314,3970.9365,3981.0307,16926866600,345011075199.0,baostock
000300,2024-12-30,3976.7004,4005.778,3976.7004,3999.0549,16461248500,322699390191.8,baostock
000300,2024-12-31,3995.8705,4004.3462,3934.9109,3934.9109,18392839700,347880439530.4,baostock
000300,2025-01-02,3931.8155,3934.2034,3796.3389,3820.3952,21789872400,388636586639.3,baostock
000300,2025-01-03,3825.2426,3835.9353,3767.6653,3775.1648,17534267600,304322755435.9,baostock
000300,2025-01-06,3775.9902,3788.8489,3743.0727,3768.9697,15094667000,262803541116.2,baostock
000300,2025-01-07,3760.866,3797.602,3749.0581,3796.1055,14645577900,266855795347.4,baostock
000300,2025-01-08,3781.261,3810.7355,3731.1887,3789.2153,16916696800,300965725432.7,baostock
000300,2025-01-09,3780.7341,3795.2608,3768.681,3779.8773,12979400200,251486002819.8,baostock
000300,2025-01-10,3778.8928,3786.8069,3732.4806,3732.4806,13752317100,275354209064.3,baostock
000300,2025-01-13,3704.4442,3737.8852,3704.1073,3722.513,13644619900,247861953196.7,baostock
000300,2025-01-14,3728.5561,3826.6399,3718.8768,3820.5395,17066465700,345461480063.6,baostock
000300,2025-01-15,3810.0353,3816.8284,3790.1655,3796.026,14147552000,278850595531.7,baostock
000300,2025-01-16,3812.1935,3842.947,3776.2861,3800.3836,14450587100,305734630771.3,baostock
000300,2025-01-17,3788.3729,3831.6404,3780.2133,3812.3429,12662196100,265437489593.6,baostock
000300,2025-01-20,3835.3042,3858.6677,3821.9815,3829.6764,13958127700,292175449108.6,baostock
000300,2025-01-21,3850.3563,3850.9106,3817.1214,3832.6145,14121840600,285073351693.4,baostock
000300,2025-01-22,3823.9447,3823.9447,3783.1438,3797.0166,13725506200,298745637551.4,baostock
000300,2025-01-23,3829.0462,3864.2585,3801.8531,3803.7439,18056955100,345198071113.9,baostock
000300,2025-01-24,3793.8498,3847.6003,3793.4836,3832.8637,14897172200,296474375469.1,baostock
000300,2025-01-27,3836.9578,3851.9969,3817.0802,3817.0802,14667077200,282940127540.6,baostock
000300,2025-02-05,3844.6998,3844.6998,3785.162,3795.0848,15716830800,346016202025.2,baostock
000300,2025-02-06,3789.6086,3843.4942,3788.3196,3842.8314,16728817600,371891971101.4,baostock
000300,2025-02-07,3844.0574,3919.3499,3833.8685,3892.7028,22185770700,487381557078.2,baostock
000300,2025-02-10,3898.1023,3906.3678,3878.8314,3901.0618,18890304000,384968342874.3,baostock
000300,2025-02-11,3905.1594,3905.1594,3872.9087,3883.1352,16657490900,337866056115.9,baostock
000300,2025-02-12,3875.9596,3920.7229,3867.3538,3919.8617,16422854000,354830596297.9,baostock
000300,2025-02-13,3913.9044,3939.1978,3904.9845,3905.1398,17248587400,376473453306.6,baostock
000300,2025-02-14,3900.8274,3942.0356,3900.8274,3939.0085,17297645200,360974236854.4,baostock
000300,2025-02-17,3954.4147,3955.8959,3921.7017,3947.3983,21358824600,430929575563.2,baostock
000300,2025-02-18,3942.5761,3965.4232,3901.8675,3912.7829,20942510100,400186229940.7,baostock
000300,2025-02-19,3906.2201,3943.6742,3904.1455,3940.1602,18282951700,363680372562.7,baostock
000300,2025-02-20,3934.6503,3940.678,3916.1772,3928.8959,16389523600,325972429362.6,baostock
000300,2025-02-21,3938.0518,3981.048,3927.7874,3978.444,22740033000,504645493577.1,baostock
000300,2025-02-24,3972.4831,3995.9456,3949.2309,3969.7169,22081061800,455088749684.5,baostock
000300,2025-02-25,3933.636,3955.4336,3915.6527,3925.6505,17810858000,377981451250.4,baostock
000300,2025-02-26,3931.842,3960.3298,3925.3664,3959.9413,19106250100,386458193762.6,baostock
000300,2025-02-27,3961.0635,3973.9323,3933.4611,3968.1159,20288796300,428272792667.6,baostock
000300,2025-02-28,3950.1866,3972.4813,3886.3994,3890.0487,19810414700,420308043450.1,baostock
000300,2025-03-03,3899.6962,3930.0048,3872.5872,3888.4738,17762316600,356057735014.0,baostock
000300,2025-03-04,3865.9939,3890.4235,3855.7254,3885.2208,14985096700,297739246802.3,baostock
000300,2025-03-05,3887.7992,3906.4214,3877.0188,3902.5706,15865275100,290860484504.9,baostock
000300,2025-03-06,3923.3827,3964.4942,3917.0833,3956.2369,19396091500,397419427642.7,baostock
000300,2025-03-07,3944.9145,3967.0743,3935.0464,3944.0143,16673237500,340626700285.5,baostock
000300,2025-03-10,3945.5795,3949.1448,3905.127,3928.8018,15276523200,292574987480.9,baostock
000300,2025-03-11,3890.4305,3941.4157,3889.4298,3941.4157,14475440200,287480453119.8,baostock
000300,2025-03-12,3946.8623,3953.6125,3921.4736,3927.2315,15673219000,309627267364.8,baostock
000300,2025-03-13,3925.7439,3939.2854,3897.3758,3911.5793,15653644300,295173112579.6,baostock
000300,2025-03-14,3919.6159,4014.1586,3919.6159,4006.5567,21613900300,450895278803.0,baostock
000300,2025-03-17,4020.6402,4021.7278,3992.2563,3996.7876,16220291100,318904417418.3,baostock
000300,2025-03-18,4011.7794,4016.873,3995.9602,4007.7229,14020849600,292739319544.6,baostock
000300,2025-03-19,4004.8251,4025.299,3989.512,4010.168,14441942800,286075300795.3,baostock
000300,2025-03-20,4011.0588,4012.0416,3969.9259,3974.9918,13375467000,260020676825.8,baostock
000300,2025-03-21,3966.5146,3983.1476,3904.7674,3914.6956,16590529400,309348613935.4,baostock
000300,2025-03-24,3916.1136,3938.1826,3907.1999,3934.8486,15223467400,266051442612.7,baostock
000300,2025-03-25,3937.8975,3946.3574,3921.5287,3932.2951,14047539900,239246310985.8,baostock
000300,2025-03-26,3930.2073,3942.026,3916.8607,3919.3566,13116418700,220943164486.2,baostock
000300,2025-03-27,3911.3841,3952.9852,3903.652,3932.4117,12679373800,232173613774.0,baostock
000300,2025-03-28,3930.7763,3934.2336,3907.384,3915.1662,12635621400,213379194289.3,baostock
000300,2025-03-31,3905.9815,3928.4482,3872.403,3887.3056,16679852300,268480316572.3,baostock
000300,2025-04-01,3892.7794,3905.2622,3882.4045,3887.6841,14038027400,246041674670.2,baostock
000300,2025-04-02,3884.4181,3900.4949,3877.1599,3884.3858,11304317500,198267515342.4,baostock
000300,2025-04-03,3843.4177,3883.7025,3843.4177,3861.5034,14259978900,263684681545.1,baostock
000300,2025-04-07,3675.2017,3707.7771,3514.1165,3589.4406,31257858600,512971787744.6,baostock
000300,2025-04-08,3597.9859,3650.759,3583.8746,3650.759,28019731200,464021087837.5,baostock
000300,2025-04-09,3606.1036,3686.7943,3587.3368,3686.7943,26230570800,455031069289.8,baostock
000300,2025-04-10,3749.1262,3756.1386,3708.8194,3735.1151,22725222700,403842564855.5,baostock
000300,2025-04-11,3730.3148,3762.3653,3708.4617,3750.5167,16875969100,318535141904.4,baostock
000300,2025-04-14,3772.0407,3776.6344,3754.033,3759.1422,16446240300,292571297039.1,baostock
000300,2025-04-15,3756.4788,3764.486,3737.8495,3761.2348,13400604000,228604621375.8,baostock
000300,2025-04-16,3757.8757,3775.1661,3721.6025,3772.8204,15635900600,261711094768.5,baostock
000300,2025-04-17,3755.0862,3779.1253,3749.504,3772.2221,12237100200,209012323066.2,baostock
000300,2025-04-18,3760.0425,3782.0443,3754.4072,3772.523,10294850900,173109384097.2,baostock
000300,2025-04-21,3768.1421,3790.1782,3763.1383,3784.8806,12135573000,208085677382.1,baostock
000300,2025-04-22,3780.1122,3799.2295,3778.0791,3783.9522,12568825700,210200698793.7,baostock
000300,2025-04-23,3803.4295,3807.9536,3780.5183,3786.8824,13198687000,247117386122.1,baostock
000300,2025-04-24,3787.459,3807.2599,3775.207,3784.3574,11716456000,205483051375.0,baostock
000300,2025-04-25,3792.0838,3801.5765,3780.7772,3786.9937,12459113300,220535052619.3,baostock
000300,2025-04-28,3786.3867,3792.0082,3772.8029,3781.6188,12514509100,210635318523.2,baostock
000300,2025-04-29,3776.0025,3785.3157,3768.0311,3775.0767,11151469400,197462744362.5,baostock
000300,2025-04-30,3775.8306,3787.5639,3768.7573,3770.5705,14368165800,244820462217.6,baostock
000300,2025-05-06,3794.3757,3809.0939,3782.777,3808.5424,15852045900,267937090757.4,baostock
000300,2025-05-07,3861.5767,3863.6776,3814.9868,3831.627,16117229900,286010735453.4,baostock
000300,2025-05-08,3820.5481,3867.3313,3816.2642,3852.8963,12495983300,246987280587.7,baostock
000300,2025-05-09,3848.6187,3853.6632,3836.5349,3846.1566,11938952600,216697939671.7,baostock
000300,2025-05-12,3866.5305,3890.7342,3859.0346,3890.6096,15333246000,296122947807.8,baostock
000300,2025-05-13,3915.5924,3915.5924,3890.6855,3896.2583,14732029900,267586397719.9,baostock
000300,2025-05-14,3894.8386,3960.5228,3890.6504,3943.2108,17203377900,319465226850.5,baostock
000300,2025-05-15,3934.0273,3936.4653,3904.9068,3907.1992,13808174900,241464943553.6,baostock
000300,2025-05-16,3898.6662,3903.8528,3874.8619,3889.0854,11840534500,208835664039.2,baostock
000300,2025-05-19,3882.5677,3885.5889,3866.5695,3877.1453,9864341400,184888170553.8,baostock
000300,2025-05-20,3883.1024,3911.4737,3881.7436,3898.1705,10488523400,201636702521.8,baostock
000300,2025-05-21,3899.4365,3928.6339,3899.4365,3916.3807,10979134300,217037739435.0,baostock
000300,2025-05-22,3912.6007,3923.0195,3903.0898,3913.8651,10759705200,197511410270.8,baostock
000300,2025-05-23,3910.3739,3931.5514,3882.2741,3882.2741,12027741900,232945378294.8,baostock
000300,2025-05-26,3875.7891,3884.537,3849.0384,3860.1067,10960120700,208876792148.9,baostock
000300,2025-05-27,3857.6271,3865.4291,3834.8455,3839.3969,9857242500,178466763540.9,baostock
000300,2025-05-28,3843.0747,3849.736,3833.9582,3836.2366,8903102600,162496372727.5,baostock
000300,2025-05-29,3838.0092,3869.7909,3831.4577,3858.6998,10847188600,209459602501.2,baostock
000300,2025-05-30,3850.493,3858.6128,3829.2542,3840.2323,11167222800,199389751071.1,baostock
000300,2025-06-03,3833.4584,3863.2952,3832.7202,3852.0127,13140309000,226782772062.7,baostock
000300,2025-06-04,3855.4878,3875.8569,3855.4878,3868.7429,11680387300,211736178154.1,baostock
000300,2025-06-05,3872.6373,3883.1345,3861.272,3877.5557,12287818400,231749275334.6,baostock
000300,2025-06-06,3878.1027,3889.4557,3869.3871,3873.9841,11098797100,202034736310.9,baostock
000300,2025-06-09,3877.7977,3894.6517,3871.9917,3885.2459,13630629300,262023668465.5,baostock
000300,2025-06-10,3887.5512,3897.4573,3850.4663,3865.4652,14556385900,263647551794.8,baostock
000300,2025-06-11,3870.6719,3911.6107,3870.6719,3894.6252,14241477200,257217704405.4,baostock
000300,2025-06-12,3885.5196,3900.0408,3870.3838,3892.1992,13399869700,260239581458.0,baostock
000300,2025-06-13,3881.4923,3889.1602,3853.8186,3864.1822,17253953600,309172346179.9,baostock
000300,2025-06-16,3853.6193,3876.1704,3853.6193,3873.7951,13734183500,246860982863.3,baostock
000300,2025-06-17,3875.1768,3880.4156,3860.409,3870.3786,12234252600,220399818948.5,baostock
000300,2025-06-18,3871.6502,3881.346,3854.6575,3874.9708,12752862100,230553858263.6,baostock
000300,2025-06-19,3870.049,3872.9425,3834.9512,3843.0912,13028065800,234840180805.5,baostock
000300,2025-06-20,3839.7833,3856.4799,3839.7833,3846.6443,11815102000,213522822874.5,baostock
000300,2025-06-23,3831.1703,3867.5896,3827.0829,3857.9016,13380089200,232482215850.4,baostock
000300,2025-06-24,3862.3876,3914.1579,3862.3876,3904.0342,16365618800,294228720612.5,baostock
000300,2025-06-25,3907.0682,3963.0371,3902.1771,3960.0662,18721367100,361727254624.0,baostock
000300,2025-06-26,3953.1603,3964.482,3945.2589,3946.0195,16531626300,328102847495.6,baostock
000300,2025-06-27,3949.7879,3969.2626,3918.2041,3921.7578,19455791300,343468229813.8,baostock
000300,2025-06-30,3920.3149,3940.3611,3911.6044,3936.0791,14517023600,288821434921.4,baostock
000300,2025-07-01,3935.9078,3946.2451,3924.7219,3942.762,12895936200,236070338399.4,baostock
000300,2025-07-02,3943.3232,3952.1378,3929.6956,3943.6849,14706306200,246637847453.8,baostock
000300,2025-07-03,3949.3998,3971.616,3945.138,3968.0676,14100400600,269609569538.7,baostock
000300,2025-07-04,3967.4637,4013.8478,3958.3762,3982.2034,15719713300,290512992198.0,baostock
000300,2025-07-07,3977.2881,3979.7481,3956.5663,3965.1746,13113527300,225106992875.9,baostock
000300,2025-07-08,3965.426,4002.269,3965.426,3998.4527,15640289500,292089834223.8,baostock
000300,2025-07-09,3997.5044,4016.7434,3987.4267,3991.4006,17329379600,305398796562.7,baostock
000300,2025-07-10,3993.4196,4032.9829,3992.5242,4010.0243,20977890400,347836703626.3,baostock
000300,2025-07-11,4011.4652,4065.9419,4010.1052,4014.807,26205277300,443780794880.4,baostock
000300,2025-07-14,4021.2135,4034.9198,4017.6678,4017.6678,20791717500,321415945157.1,baostock
000300,2025-07-15,4023.9896,4042.6574,3994.2628,4019.0644,19104293100,353524574440.9,baostock
000300,2025-07-16,4019.3925,4027.8567,3993.9209,4007.2019,15102730800,300656795664.6,baostock
000300,2025-07-17,4005.067,4034.5935,4005.067,4034.491,16124904100,325516865722.7,baostock
000300,2025-07-18,4039.8712,4064.6378,4039.3181,4058.5486,18621106300,354244444629.7,baostock
000300,2025-07-21,4069.7685,4086.1171,4063.4427,4085.6072,22326847600,377938564877.6,baostock
000300,2025-07-22,4087.3354,4119.2021,4068.3383,4118.9582,25759698500,450874014479.4,baostock
000300,2025-07-23,4129.1476,4155.6783,4113.9085,4119.7685,30050615400,470330899420.8,baostock
000300,2025-07-24,4116.8312,4152.4265,4111.8849,4149.0368,31963239200,487000043884.1,baostock
000300,2025-07-25,4145.3195,4150.4994,4117.8005,4127.1634,27359496300,430445513470.9,baostock
000300,2025-07-28,4128.1993,4146.12,4112.9677,4135.8242,22275981500,406792873973.3,baostock
000300,2025-07-29,4132.6833,4153.3307,4117.5772,4152.0247,23080788000,428764310973.8,baostock
000300,2025-07-30,4148.9405,4185.2064,4127.4301,4151.2379,24985304800,445168467668.0,baostock
000300,2025-07-31,4141.5612,4141.8243,4063.6662,4075.5912,26708740600,492142571738.8,baostock
000300,2025-08-01,4069.9254,4085.3543,4040.462,4054.9286,19622182600,359685164163.4,baostock
000300,2025-08-04,4037.9378,4070.7023,4037.9378,4070.7023,16227590200,295976826632.4,baostock
000300,2025-08-05,4080.3877,4106.2969,4075.5836,4103.45,17885199900,306934255765.6,baostock
000300,2025-08-06,4100.4283,4116.7085,4098.3544,4113.4852,17667615500,307674626124.8,baostock
000300,2025-08-07,4120.2822,4129.7382,4094.8214,4114.666,19864190200,358108366983.7,baostock
000300,2025-08-08,4109.2734,4122.2104,4097.4157,4104.9669,17317120100,308507687634.7,baostock
000300,2025-08-11,4110.2939,4134.2462,4103.605,4122.5106,19044371600,360685826235.0,baostock
000300,2025-08-12,4123.5762,4153.2948,4121.2243,4143.8252,17728782300,383088423330.0,baostock
000300,2025-08-13,4150.5037,4186.748,4147.1991,4176.5776,21393499900,462776745465.3,baostock
000300,2025-08-14,4179.965,4220.3109,4165.9376,4173.3131,22110359500,485075642622.0,baostock
000300,2025-08-15,4162.4205,4214.7291,4157.495,4202.3533,26132756600,518686873500.8,baostock
000300,2025-08-18,4218.2471,4272.9602,4203.4191,4239.4125,30147910200,635365867184.5,baostock
000300,2025-08-19,4241.7651,4264.2303,4215.2075,4223.3741,25081877100,553536203259.6,baostock
000300,2025-08-20,4208.4005,4272.1463,4190.5559,4271.3958,24648177300,538815306146.9,baostock
000300,2025-08-21,4284.3712,4308.4472,4273.6523,4288.0707,25903001400,558521268967.4,baostock
000300,2025-08-22,4287.3633,4378.3881,4287.3633,4377.9977,29043489700,675935075408.9,baostock
000300,2025-08-25,4416.2924,4472.6525,4404.7761,4469.2217,35809000600,823681964472.7,baostock
000300,2025-08-26,4453.3526,4476.803,4435.5275,4452.5905,27062139500,627950450229.2,baostock
000300,2025-08-27,4458.8399,4494.9126,4386.1266,4386.1266,33313389800,785098482973.5,baostock
000300,2025-08-28,4378.0351,4464.8028,4364.171,4463.782,29683453600,739423602221.4,baostock
000300,2025-08-29,4455.8034,4516.8395,4452.3632,4496.7591,35193894700,831194066157.9,baostock
000300,2025-09-01,4516.8787,4528.1342,4487.5304,4523.7111,32036670800,770378288126.9,baostock
000300,2025-09-02,4521.9828,4548.8937,4454.4169,4490.4528,30393256600,777999297964.1,baostock
000300,2025-09-03,4501.3388,4510.7303,4427.5176,4459.8296,25432021700,655697116709.1,baostock
000300,2025-09-04,4461.2503,4465.4967,4327.5068,4365.2085,30793460900,773124596998.1,baostock
000300,2025-09-05,4365.6083,4466.5603,4350.2974,4460.3249,24962565700,664166970946.5,baostock
000300,2025-09-08,4467.1693,4482.763,4438.0698,4467.5733,26763838200,683630879769.1,baostock
000300,2025-09-09,4448.739,4472.093,4412.6914,4436.2584,22137546000,562861103958.4,baostock
000300,2025-09-10,4438.2998,4466.6325,4414.5937,4445.3649,20359764600,535539349489.1,baostock
000300,2025-09-11,4438.839,4548.0345,4427.9242,4548.0345,25326405100,693156671397.7,baostock
000300,2025-09-12,4544.5905,4564.6665,4517.7897,4521.998,26644200300,689576075691.4,baostock
000300,2025-09-15,4534.8866,4566.9053,4522.4958,4533.0557,23188567800,613314652419.1,baostock
000300,2025-09-16,4539.9217,4552.419,4494.7875,4523.3367,24926920600,613728334805.9,baostock
000300,2025-09-17,4517.2855,4556.0296,4503.7959,4551.023,23571647200,608454200521.1,baostock
000300,2025-09-18,4546.0319,4573.8331,4454.9886,4498.109,30985982600,839987127411.0,baostock
000300,2025-09-19,4499.0906,4533.0919,4491.8437,4501.9195,22504400000,603887059817.1,baostock
000300,2025-09-22,4512.0251,4523.8695,4487.1299,4522.608,19645995600,563149164266.0,baostock
000300,2025-09-23,4536.7569,4560.7319,4459.7281,4519.7781,25282706200,680513630695.8,baostock
000300,2025-09-24,4495.2659,4567.4948,4494.1133,4566.0708,22048260800,629161495484.1,baostock
000300,2025-09-25,4563.9827,4613.9486,4558.8424,4593.4875,22982333300,669866986618.6,baostock
000300,2025-09-26,4576.9142,4597.8472,4550.0487,4550.0487,20848211400,598723903173.9,baostock
000300,2025-09-29,4555.0342,4647.5691,4541.4252,4620.0528,27435887700,693395231241.2,baostock
000300,2025-09-30,4629.8987,4647.5031,4616.2243,4640.6935,24798035900,664624101862.0,baostock
000300,2025-10-09,4662.1133,4726.3449,4651.9895,4709.482,34767869600,862208005908.4,baostock
000300,2025-10-10,4679.4983,4692.5858,4600.9646,4616.8341,31902089900,792743047250.5,baostock
000300,2025-10-13,4490.8661,4601.8072,4490.8661,4593.9785,31501035400,714001634395.3,baostock
000300,2025-10-14,4634.0543,4641.4492,4520.9258,4539.0644,37295403000,808959003201.4,baostock
000300,2025-10-15,4544.2431,4608.8239,4526.834,4606.2879,28477185500,607326345325.6,baostock
000300,2025-10-16,4588.9206,4645.0959,4586.2801,4618.4218,24823551800,560567191741.4,baostock
000300,2025-10-17,4610.6967,4618.5621,4509.3289,4514.2345,25690561700,559085965218.7,baostock
000300,2025-10-20,4558.2421,4570.4376,4520.5024,4538.2201,21842040500,505798833703.2,baostock
000300,2025-10-21,4556.1224,4615.463,4547.9283,4607.8715,21571117500,551390253215.9,baostock
000300,2025-10-22,4576.0277,4603.4884,4567.2361,4592.57,18533396000,440935302747.4,baostock
000300,2025-10-23,4578.7018,4611.3409,4541.6944,4606.3447,20046391700,420800208775.6,baostock
000300,2025-10-24,4622.7873,4660.6835,4622.7873,4660.6835,20881448300,551986648560.5,baostock
000300,2025-10-27,4699.3819,4720.4288,4687.6876,4716.0186,26220067400,672670372522.7,baostock
000300,2025-10-28,4697.7277,4734.3218,4679.2288,4691.973,22090664500,571563257095.5,baostock
000300,2025-10-29,4701.0362,4747.8378,4697.268,4747.8378,24621132400,645898688765.2,baostock
000300,2025-10-30,4735.9807,4761.8339,4706.452,4709.911,27328911800,719956285438.0,baostock
000300,2025-10-31,4702.4946,4706.1395,4640.6676,4640.6676,28146474000,680712251492.7,baostock
000300,2025-11-03,4636.7323,4653.4028,4595.7339,4653.4028,23986980900,557602941095.9,baostock
000300,2025-11-04,4649.3481,4665.323,4595.066,4618.699,23322403200,505177700976.6,baostock
000300,2025-11-05,4562.1117,4642.6101,4558.7647,4627.257,20304587100,468361161388.7,baostock
000300,2025-11-06,4642.0112,4698.0935,4642.0112,4693.4032,22424100800,553641780921.2,baostock
000300,2025-11-07,4673.7616,4701.3743,4666.0405,4678.7944,21249737700,507573849500.2,baostock
000300,2025-11-10,4688.124,4695.1794,4654.2103,4695.0507,23602676400,593977127605.0,baostock
000300,2025-11-11,4706.3374,4707.1275,4648.4896,4652.1655,18663885800,477629076357.0,baostock
000300,2025-11-12,4643.5592,4669.6073,4620.9897,4645.9079,20946059200,492308866408.7,baostock
000300,2025-11-13,4643.7862,4703.4897,4643.7862,4702.0738,20736747400,510060678210.4,baostock
000300,2025-11-14,4663.3175,4684.2578,4628.0242,4628.1398,19209267600,444720433578.5,baostock
000300,2025-11-17,4616.8058,4624.8976,4580.2613,4598.0525,18895546600,438940097527.8,baostock
000300,2025-11-18,4584.7896,4606.6167,4552.8038,4568.1928,17771318500,420150126547.0,baostock
000300,2025-11-19,4568.0365,4607.8627,4568.0365,4588.2922,17292497400,385230481969.8,baostock
000300,2025-11-20,4619.5401,4620.6529,4560.1814,4564.9483,19456259300,415064817729.8,baostock
000300,2025-11-21,4513.3858,4527.0436,4453.1819,4453.6076,22285101300,481295814462.6,baostock
000300,2025-11-24,4473.1563,4478.8081,4421.8123,4448.0478,18583372900,425807469499.9,baostock
000300,2025-11-25,4475.8359,4510.7729,4467.3529,4490.4047,16957192900,411523796962.4,baostock
000300,2025-11-26,4490.2021,4538.1361,4485.6984,4517.6255,15620036800,427361377738.4,baostock
000300,2025-11-27,4520.014,4559.2183,4509.8635,4515.4027,15031177200,417789843567.7,baostock
000300,2025-11-28,4511.4972,4531.7219,4492.4256,4526.6616,14290209600,341832317979.4,baostock
000300,2025-12-01,4539.1877,4576.9654,4531.2917,4576.4856,20038231700,463861587251.4,baostock
000300,2025-12-02,4571.9098,4575.4945,4539.4312,4554.3347,14849313200,364366426477.8,baostock
000300,2025-12-03,4554.5894,4569.821,4523.5017,4531.0486,16976279000,374486168902.9,baostock
000300,2025-12-04,4533.6004,4557.4228,4514.1878,4546.5664,14719811000,348767399211.7,baostock
000300,2025-12-05,4547.9056,4593.8279,4535.0195,4584.5368,19679996800,412146806538.3,baostock
000300,2025-12-08,4593.1399,4640.6256,4592.7414,4621.7545,19962099000,496716196112.2,baostock
000300,2025-12-09,4611.379,4628.7049,4584.254,4598.2232,18416034400,452113884581.0,baostock
000300,2025-12-10,4586.254,4598.5366,4549.0798,4591.8273,16911110600,401452781497.6,baostock
000300,2025-12-11,4597.1901,4610.2787,4547.1372,4552.1848,16841940500,432431093509.7,baostock
000300,2025-12-12,4558.7375,4583.6753,4530.7841,4580.95,21282652000,523863221651.9,baostock
000300,2025-12-15,4550.0028,4595.0463,4548.4382,4552.0596,16758996700,424383389792.3,baostock
000300,2025-12-16,4542.4226,4553.0806,4484.27,4497.5545,16516520100,390500134302.7,baostock
000300,2025-12-17,4499.7729,4594.6556,4498.9304,4579.875,17842483000,452504741114.1,baostock
000300,2025-12-18,4553.9788,4571.9683,4544.1416,4552.7926,15168132800,382102395684.6,baostock
000300,2025-12-19,4561.3729,4591.0931,4546.8465,4568.1781,15487622000,371577144281.1,baostock
000300,2025-12-22,4587.6683,4615.8721,4587.6683,4611.6235,16525285600,448240599513.9,baostock
000300,2025-12-23,4616.026,4644.5347,4607.7992,4620.7341,16925641200,433141326005.5,baostock
000300,2025-12-24,4623.6831,4639.4278,4602.1444,4634.0586,15371124100,406375640662.1,baostock
000300,2025-12-25,4629.3195,4651.1535,4621.9208,4642.5357,13943418600,385356060832.4,baostock
000300,2025-12-26,4639.7895,4676.131,4635.1052,4657.24,17539656500,460426934267.5,baostock
000300,2025-12-29,4658.2654,4672.0352,4629.0567,4639.3721,20039713300,482613536466.5,baostock
000300,2025-12-30,4617.3163,4664.3305,4616.6323,4651.2818,18037497400,457185489036.8,baostock
000300,2025-12-31,4656.48,4667.0467,4622.0988,4629.9395,17076022400,444491545749.0,baostock
000300,2026-01-05,4661.616,4721.6378,4661.616,4717.7457,23414483900,630577351311.4,baostock
000300,2026-01-06,4719.2088,4790.6938,4718.0099,4790.6938,29697068600,725414566872.9,baostock
000300,2026-01-07,4796.9335,4802.6028,4751.0713,4776.6658,25909556400,664897929360.7,baostock
000300,2026-01-08,4761.0105,4765.4863,4717.0091,4737.6536,23880495700,630655637961.6,baostock
000300,2026-01-09,4725.9571,4771.4276,4719.134,4758.9221,25468803800,668788811126.9,baostock
000300,2026-01-12,4769.6501,4795.9327,4737.5702,4789.9155,29483316500,799954082388.1,baostock
000300,2026-01-13,4798.0488,4836.9549,4745.5154,4761.0324,30144949700,801054979639.8,baostock
000300,2026-01-14,4767.6956,4818.1008,4720.246,4741.9306,36495102300,891334219174.3,baostock
000300,2026-01-15,4721.7966,4769.5478,4720.9368,4751.4293,25400363600,674058683639.6,baostock
000300,2026-01-16,4778.4302,4792.5514,4715.3646,4731.8728,32527892900,785624166096.3,baostock
000300,2026-01-19,4720.1945,4761.6317,4715.0867,4734.4556,26761249200,655149256235.7,baostock
000300,2026-01-20,4736.9096,4748.2297,4684.9684,4718.8782,28271957900,671960685391.4,baostock
000300,2026-01-21,4714.5541,4758.2793,4714.2366,4723.0692,26635333200,665330511237.3,baostock
000300,2026-01-22,4741.7548,4757.7637,4700.4482,4723.7091,27419993200,690235248160.5,baostock
000300,2026-01-23,4729.585,4734.7942,4684.6172,4702.4966,31463544500,755617735528.3,baostock
000300,2026-01-26,4715.3753,4754.1777,4693.1577,4706.964,36300448100,796832970315.2,baostock
000300,2026-01-27,4705.1744,4736.9857,4675.6409,4705.6918,30147569700,715267914840.3,baostock
000300,2026-01-28,4725.6014,4739.6257,4697.9063,4717.9914,38225560200,829414067055.4,baostock
000300,2026-01-29,4733.0879,4770.9599,4696.0536,4753.8697,41551305500,917966160339.3,baostock
000300,2026-01-30,4723.081,4738.8711,4645.4706,4706.3401,31978653100,750564885195.4,baostock
000300,2026-02-02,4674.2759,4716.6069,4601.7603,4605.9799,30477350000,725920381252.0,baostock
000300,2026-02-03,4648.3574,4662.1264,4578.2087,4660.1074,26554940500,666626842810.7,baostock
000300,2026-02-04,4647.9671,4701.4768,4641.8424,4698.6832,26488103200,636018589862.7,baostock
000300,2026-02-05,4664.7478,4687.0213,4639.43,4670.4188,23785635100,550433167197.1,baostock
000300,2026-02-06,4622.9747,4678.2618,4606.6379,4643.5959,20271647700,505759806237.8,baostock
000300,2026-02-09,4693.6715,4719.9642,4679.9037,4719.0559,20725193800,522757267199.4,baostock
000300,2026-02-10,4718.2552,4732.0871,4713.8684,4724.2956,18700095800,450339578978.4,baostock
000300,2026-02-11,4715.6697,4723.7043,4703.6873,4713.8185,17339168100,433428613402.0,baostock
000300,2026-02-12,4720.0085,4726.0426,4707.7359,4719.578,19784143900,490473852275.1,baostock
000300,2026-02-13,4693.4106,4703.6332,4658.4038,4660.4056,18916775600,452878594068.8,baostock
000300,2026-02-24,4727.2961,4727.373,4698.3488,4707.544,21848889000,526084235584.0,baostock
000300,2026-02-25,4713.5754,4766.5587,4713.3438,4735.8858,28426835400,596903872616.7,baostock
000300,2026-02-26,4741.3896,4742.1476,4706.6943,4726.8739,23484764400,599848915404.9,baostock
000300,2026-02-27,4698.3,4721.0141,4692.891,4710.6469,26142086500,578820992510.3,baostock
000300,2026-03-02,4681.0141,4735.4055,4667.2752,4728.6688,34926075200,752681937770.4,baostock
000300,2026-03-03,4737.3164,4744.5987,4651.4047,4655.8962,37062427200,801659243770.0,baostock
000300,2026-03-04,4609.1918,4639.4204,4575.8249,4602.6247,30303566600,608923128590.3,baostock
000300,2026-03-05,4651.9415,4671.5268,4630.3024,4647.6921,25931782500,570443777084.6,baostock
000300,2026-03-06,4621.4939,4671.7126,4612.7943,4660.439,23852792600,487807080156.9,baostock
000300,2026-03-09,4600.2535,4625.9814,4548.969,4615.4551,32278761700,665821508005.3,baostock
000300,2026-03-10,4648.7851,4677.5958,4648.7851,4674.7562,26390374800,557607876148.6,baostock
000300,2026-03-11,4681.0316,4711.8671,4674.7088,4704.4959,27017544300,579564397580.3,baostock
000300,2026-03-12,4700.7205,4704.3791,4654.3147,4687.5601,30298681600,572105482463.8,baostock
000300,2026-03-13,4669.0619,4707.4194,4659.4979,4669.14,31077200900,580305608197.8,baostock
000300,2026-03-16,4669.2241,4673.6929,4621.8118,4671.5591,29621507000,598799098356.4,baostock
000300,2026-03-17,4685.5697,4720.8608,4637.368,4637.4392,26302191300,578501505807.6,baostock
000300,2026-03-18,4648.7517,4662.2936,4604.5163,4658.3324,23469070500,524173911454.0,baostock
000300,2026-03-19,4611.4399,4634.5468,4570.392,4583.2511,25413044900,547850295789.2,baostock
000300,2026-03-20,4602.8205,4628.7118,4563.0687,4567.0179,25787370300,615463088557.8,baostock
000300,2026-03-23,4499.1004,4514.7182,4397.5661,4417.9971,32808194500,671719761060.9,baostock
000300,2026-03-24,4458.9074,4474.825,4394.2943,4474.7224,25553251700,530149390314.2,baostock
000300,2026-03-25,4506.6247,4542.1806,4502.0265,4537.4656,26263927900,550428161188.3,baostock
000300,2026-03-26,4525.3291,4541.0502,4468.9571,4477.5343,21373678800,471127498414.3,baostock
000300,2026-03-27,4431.5034,4519.8903,4431.4205,4502.5698,19240038800,440517561617.1,baostock
000300,2026-03-30,4461.7367,4496.4109,4447.1373,4491.95,20929309200,444629519711.2,baostock
000300,2026-03-31,4491.9209,4523.1745,4450.0493,4450.0493,22454158500,484558113011.2,baostock
000300,2026-04-01,4517.2717,4532.1093,4492.0544,4526.0668,21648319600,503744056996.0,baostock
000300,2026-04-02,4514.4416,4519.6931,4459.6095,4478.9141,19099216100,429949131699.9,baostock
000300,2026-04-03,4492.8461,4494.4571,4437.5952,4440.7889,16832170500,373234910157.7,baostock
000300,2026-04-07,4445.8613,4458.9264,4420.6939,4440.6162,16263878700,378261695014.8,baostock
000300,2026-04-08,4517.3403,4595.556,4513.7705,4595.556,25333921300,641779180969.5,baostock
000300,2026-04-09,4562.6696,4579.197,4552.4244,4566.2237,18493978300,500445676660.7,baostock
000300,2026-04-10,4594.9467,4655.0988,4590.1089,4636.5655,20867860500,625717995648.2,baostock
000300,2026-04-13,4615.133,4653.3983,4615.133,4646.1546,19671227700,556620945240.3,baostock
000300,2026-04-14,4676.1235,4701.2837,4654.8526,4701.2837,20470033200,605717793585.3,baostock
000300,2026-04-15,4726.6381,4731.2729,4672.556,4685.2464,20168850000,604550556798.3,baostock
000300,2026-04-16,4694.4309,4739.2208,4689.414,4736.6077,19205760000,567611323592.2,baostock
000300,2026-04-17,4728.9951,4738.3236,4714.4669,4728.6716,18291533600,587622682307.9,baostock
000300,2026-04-20,4727.1661,4763.0427,4720.6853,4757.4419,22163349400,626568410330.9,baostock
000300,2026-04-21,4750.5149,4776.8258,4722.0074,4767.997,20561405800,580407995619.7,baostock
000300,2026-04-22,4751.2794,4801.4465,4750.3502,4799.627,20448183000,619505670177.0,baostock
000300,2026-04-23,4816.0267,4823.4704,4759.86,4786.3273,23286573600,693853775975.6,baostock
000300,2026-04-24,4771.7348,4786.444,4735.606,4769.3688,19379831400,680097832547.3,baostock
000300,2026-04-27,4776.3351,4795.1682,4762.6441,4770.9469,19279655000,648904814981.1,baostock
000300,2026-04-28,4757.0766,4778.1891,4743.4355,4758.2083,21672423300,631521664930.9,baostock
000300,2026-04-29,4737.5755,4813.6104,4737.1139,4810.3468,23329811000,681020507300.6,baostock
000300,2026-04-30,4820.9716,4829.2715,4797.5445,4807.3069,25063337000,726665374516.3,baostock
000300,2026-05-06,4857.6537,4892.7957,4834.2807,4877.0932,27444388000,881744311635.1,baostock
000300,2026-05-07,4895.8001,4901.8575,4866.8749,4900.5098,25783397200,787236200022.7,baostock
000300,2026-05-08,4871.1185,4887.2129,4849.9871,4871.9122,25172099600,716546104146.0,baostock
000300,2026-05-11,4902.2775,4960.3975,4889.5659,4951.8366,30573480100,904479321902.1,baostock
000300,2026-05-12,4965.0175,4971.3026,4926.7897,4948.0465,27381200100,819351442664.4,baostock
000300,2026-05-13,4919.4248,5001.1201,4919.4248,4998.3417,26845453700,823173197928.5,baostock
000300,2026-05-14,5027.6405,5030.5187,4913.6037,4914.5971,28069537900,857446326247.6,baostock
000300,2026-05-15,4911.6223,4935.6173,4832.6899,4859.5927,27696776900,887687426984.5,baostock
000300,2026-05-18,4836.3286,4868.6008,4806.1455,4833.5237,23907758700,733452822623.8,baostock
000300,2026-05-19,4818.7051,4854.5247,4773.534,4852.8832,23228085200,712401049984.5,baostock
000300,2026-05-20,4829.6129,4866.2121,4825.643,4850.7,22002320600,729653332839.0,baostock
000300,2026-05-21,4886.2389,4937.9327,4780.7107,4783.0976,28734250700,891936347970.3,baostock
000300,2026-05-22,4818.8435,4851.3489,4785.3486,4845.0956,28694043500,771823300850.7,baostock
000300,2026-05-25,4873.1962,4922.4375,4857.1345,4921.5974,26474323600,861179421899.8,baostock
000300,2026-05-26,4900.1152,4952.7412,4892.683,4947.8493,30279947600,899094487856.9,baostock
000300,2026-05-27,4940.9454,4974.2108,4891.3428,4908.1714,30170917500,909011906950.0,baostock
000300,2026-05-28,4889.2659,4922.3297,4843.2265,4914.2133,26743273100,819897918903.1,baostock
000300,2026-05-29,4937.5119,4954.0703,4878.7869,4892.1213,33251861000,942236490058.1,baostock
000300,2026-06-01,4897.8968,4918.7935,4836.6851,4844.2556,29613405100,823984849000.1,baostock
000300,2026-06-02,4860.6119,4930.2776,4831.9972,4914.5591,28173166200,806751344395.2,baostock
000300,2026-06-03,4921.3445,4991.8525,4904.8969,4938.8091,30403594700,906047729419.0,baostock
000300,2026-06-04,4897.3164,4938.7814,4889.7456,4904.7454,26480891000,736143410003.4,baostock
000300,2026-06-05,4886.9645,4924.3438,4798.9103,4816.9199,30192933600,839863796395.6,baostock
000300,2026-06-08,4703.773,4779.8623,4677.5682,4713.6358,29964756500,761046395165.9,baostock
000300,2026-06-09,4743.4505,4802.5047,4715.3907,4801.8106,25839160100,713286998820.9,baostock
000300,2026-06-10,4753.1154,4786.5162,4718.9946,4748.5932,25929710900,694628416057.3,baostock
000300,2026-06-11,4730.072,4766.1728,4685.5014,4722.4122,24717705900,653931756259.4,baostock
000300,2026-06-12,4784.6396,4809.8606,4757.5574,4777.3206,33592206300,871477325201.4,baostock
000300,2026-06-15,4829.2886,4892.5502,4803.1836,4891.7126,33131607600,914145755804.7,baostock
000300,2026-06-16,4894.8785,4908.2817,4866.0613,4884.2322,28258474300,857202587478.1,baostock
000300,2026-06-17,4859.7012,4933.9288,4859.7012,4931.3861,27605395000,850367581580.7,baostock
000300,2026-06-18,4916.0442,4976.8909,4916.0442,4941.5986,33445990200,1021710711056.1,baostock
000300,2026-06-22,4949.3457,5061.5105,4928.4582,5059.6582,37510012400,1145900296757.5,baostock
000300,2026-06-23,5048.0255,5064.2654,4892.0944,4919.386,34271933600,1047052858821.3,baostock
000300,2026-06-24,4900.3838,4953.2321,4892.2676,4943.0197,31224902500,964945849978.7,baostock
000300,2026-06-25,4950.9753,5031.9994,4944.876,5020.1038,34666428900,1110040892256.1,baostock
000300,2026-06-26,4981.8251,4981.983,4845.1921,4868.2205,34117923800,1068082662086.9,baostock
000300,2026-06-29,4866.0432,4928.5987,4827.149,4926.921,32321613400,1053723822552.5,baostock
000300,2026-06-30,4914.4934,4987.5599,4914.4934,4979.4328,30615022600,985795205703.9,baostock
