datetime,cash,now_account_value,SZ002230.amount,SZ002230.price,SZ002230.weight,SZ002230.count_day
2025-10-09,3000000.0,3000000.0,,,,
2025-10-10,3000000.0,3000000.0,,,,
2025-10-13,3000000.0,3000000.0,,,,
2025-10-14,3000000.0,3000000.0,,,,
2025-10-15,3000000.0,3000000.0,,,,
2025-10-16,3000000.0,3000000.0,,,,
2025-10-17,3000000.0,3000000.0,,,,
2025-10-20,150093.85902557382,2953803.7757125855,54600.0,51.349998474121094,0.9491862457961127,1.0
2025-10-21,150093.85902557382,3022053.7757125855,54600.0,52.599998474121094,0.9503338225706515,2.0
2025-10-22,150093.85902557382,2975643.859025574,54600.0,51.75,0.9495591992400849,3.0
2025-10-23,150093.85902557382,2981103.7757125855,54600.0,51.849998474121094,0.9496515819917419,4.0
2025-10-24,150093.85902557382,3019323.8173690797,54600.0,52.54999923706055,0.9502889162924036,5.0
2025-10-27,181965.97948265084,3034245.9630031586,54000.0,52.81999969482422,0.9400292587676218,6.0
2025-10-28,181965.97948265084,3075825.987722397,54000.0,53.59000015258789,0.9408399629208564,7.0
2025-10-29,181965.97948265084,3097426.070119858,54000.0,53.9900016784668,0.9412525189098027,8.0
2025-10-30,181965.97948265084,3099046.004201889,54000.0,54.02000045776367,0.941283227407425,9.0
2025-10-31,181965.97948265084,3184365.89708519,54000.0,55.599998474121094,0.9428564476057185,10.0
2025-11-03,193205.09523887644,3184485.0131465914,53800.0,55.599998474121094,0.9393292496459356,11.0
2025-11-04,193205.09523887644,3103247.103448105,53800.0,54.09000015258789,0.9377409891000298,12.0
2025-11-05,193205.09523887644,3032231.119866562,53800.0,52.77000045776367,0.9362828598476429,13.0
2025-11-06,193205.09523887644,3076885.0131465914,53800.0,53.599998474121094,0.9372075672592995,14.0
2025-11-07,193205.09523887644,3018781.119866562,53800.0,52.52000045776367,0.9359989719137316,15.0
2025-11-10,161593.29733047495,3039897.2890296937,54400.0,52.90999984741211,0.9468425140830814,16.0
2025-11-11,161593.29733047495,2962105.272428131,54400.0,51.47999954223633,0.9454464705104786,17.0
2025-11-12,161593.29733047495,2911513.2558265687,54400.0,50.54999923706055,0.9444985191095758,18.0
2025-11-13,161593.29733047495,2928921.239225006,54400.0,50.869998931884766,0.9448283910245286,19.0
2025-11-14,161593.29733047495,2880505.272428131,54400.0,49.97999954223633,0.9439010583048649,20.0
2025-11-17,141623.31671981822,2912311.391976166,54800.0,50.560001373291016,0.9513708193739135,21.0
2025-11-18,141623.31671981822,2966563.2749107364,54800.0,51.54999923706055,0.9522601395636573,22.0
2025-11-19,141623.31671981822,2932039.2163780215,54800.0,50.91999816894531,0.9516980141572706,23.0
2025-11-20,141623.31671981822,2887103.2331016543,54800.0,50.099998474121094,0.9509462235031788,24.0
2025-11-21,141623.31671981822,2837783.3585289004,54800.0,49.20000076293945,0.9500936826998536,25.0
2025-11-24,171458.4962627412,2911268.454911423,54200.0,50.54999923706055,0.9411052264955215,26.0
2025-11-25,171458.4962627412,2910184.430100632,54200.0,50.529998779296875,0.9410832885746653,27.0
2025-11-26,171458.4962627412,2882542.5210735323,54200.0,50.02000045776367,0.9405183115221191,28.0
2025-11-27,171458.4962627412,2847312.4383708956,54200.0,49.369998931884766,0.9397823386179417,29.0
2025-11-28,171458.4962627412,2855442.5210735323,54200.0,49.52000045776367,0.9399537917512415,30.0
2025-12-01,161489.49632377634,2885841.5959331514,54400.0,50.08000183105469,0.9440407621293718,31.0
2025-12-02,161489.49632377634,2853745.58763237,54400.0,49.4900016784668,0.9434113899207962,32.0
2025-12-03,161489.49632377634,2800433.4050151827,54400.0,48.5099983215332,0.9423341058442699,33.0
2025-12-04,161489.49632377634,2806961.554429245,54400.0,48.630001068115234,0.9424682193922628,34.0
2025-12-05,161489.49632377634,2817841.5959331514,54400.0,48.83000183105469,0.9426903568472954,35.0
2025-12-08,156578.49618644724,2836888.5128185274,54500.0,49.18000030517578,0.9448062567566738,36.0
2025-12-09,156578.49618644724,2806913.5543987276,54500.0,48.630001068115234,0.9442168441770954,37.0
2025-12-10,156578.49618644724,2835798.4878704073,54500.0,49.15999984741211,0.9447850413715282,38.0
2025-12-11,156578.49618644724,2819993.437974167,54500.0,48.869998931884766,0.9444755813691076,39.0
2025-12-12,156578.49618644724,2865228.5377666475,54500.0,49.70000076293945,0.945352179024262,40.0
2025-12-15,136768.59618644725,2874631.537546921,54900.0,49.869998931884766,0.9524222167606359,41.0
2025-12-16,136768.59618644725,2813143.5961864474,54900.0,48.75,0.9513822911948563,42.0
2025-12-17,136768.59618644725,2844985.6967113498,54900.0,49.33000183105469,0.9519264380328715,43.0
2025-12-18,136768.59618644725,2808202.587809372,54900.0,48.65999984741211,0.9512967487530385,44.0
2025-12-19,136768.59618644725,2815888.5543010714,54900.0,48.79999923706055,0.9514296842545338,45.0
2025-12-22,146541.91391220104,2829576.8721794127,54700.0,49.04999923706055,0.9482106616883215,46.0
2025-12-23,146541.91391220104,2806055.8554862975,54700.0,48.619998931884766,0.9477765513378191,47.0
2025-12-24,146541.91391220104,2812072.888872528,54700.0,48.72999954223633,0.9478882946128202,48.0
2025-12-25,146541.91391220104,2813166.913912201,54700.0,48.75,0.9479085605665649,49.0
2025-12-26,146541.91391220104,2818089.9222587585,54700.0,48.84000015258789,0.9479995607114111,50.0
2025-12-29,146541.91391220104,2827935.9389518737,54700.0,49.02000045776367,0.9481806104962498,51.0
2025-12-30,146541.91391220104,2824106.955644989,54700.0,48.95000076293945,0.9481103526836034,52.0
2025-12-31,146541.91391220104,2897404.9639915465,54700.0,50.290000915527344,0.9494230472669859,53.0
2026-01-05,2932057.363912201,2932057.363912201,,,,
