datetime,account,return,total_turnover,turnover,total_cost,cost,value,cash,bench
2025-10-09,3045181.311384201,0.015535215377807617,2848669.4984436035,0.9495564994812011,1424.3347492218018,0.00047477824974060057,2895275.1445770264,149906.16680717468,0.0
2025-10-10,3047332.388654709,0.000706387255979195,2848669.4984436035,0.0,1424.3347492218018,0.0,2897426.221847534,149906.16680717468,-0.019672632
2025-10-13,3050815.0757980347,0.0011492346564763096,2887495.1934814453,0.012740879591078015,1443.7475967407227,6.370439795539007e-06,2939754.0168762207,111061.05892181396,-0.004950464
2025-10-14,3060262.8525924683,0.0030968041522353618,2887495.1934814453,0.0,1443.7475967407227,0.0,2949201.7936706543,111061.05892181396,-0.011953473
2025-10-15,3077705.3174209595,0.00569966230636529,2887495.1934814453,0.0,1443.7475967407227,0.0,2966644.2584991455,111061.05892181396,0.014809966
2025-10-16,3074071.316642761,-0.0011807500729938123,2887495.1934814453,0.0,1443.7475967407227,0.0,2963010.2577209473,111061.05892181396,0.0026341677
2025-10-17,3034099.2974472046,-0.01300295766697133,2887495.1934814453,0.0,1443.7475967407227,0.0,2923038.2385253906,111061.05892181396,-0.022559106
2025-10-20,3073520.4910125732,0.013016074712550283,2934741.5771484375,0.015571798756469113,1514.617172241211,2.335769813470367e-05,2915283.9179992676,158236.57301330566,0.0053133965
2025-10-21,3067800.080093384,-0.001861191729782436,2934741.5771484375,0.0,1514.617172241211,0.0,2909563.507080078,158236.57301330566,0.015347719
2025-10-22,3059219.4637145996,-0.002796993335538014,2934741.5771484375,0.0,1514.617172241211,0.0,2900982.890701294,158236.57301330566,-0.0033208132
2025-10-23,3056359.258255005,-0.0009349461499966322,2934741.5771484375,0.0,1514.617172241211,0.0,2898122.685241699,158236.57301330566,0.002999425
2025-10-24,3054214.0342559814,-0.000701888691006904,2934741.5771484375,0.0,1514.617172241211,0.0,2895977.461242676,158236.57301330566,0.011796474
2025-10-27,3087821.7979278564,0.0110037355911967,2934741.5771484375,0.0,1514.617172241211,0.0,2929585.224914551,158236.57301330566,0.011872768
2025-10-28,3069945.304092407,-0.0057893541160456835,2934741.5771484375,0.0,1514.617172241211,0.0,2911708.7310791016,158236.57301330566,-0.005098641
2025-10-29,3067800.080093384,-0.0006987824819431588,2934741.5771484375,0.0,1514.617172241211,0.0,2909563.507080078,158236.57301330566,0.011906505
2025-10-30,3052068.810256958,-0.005127866688088398,2934741.5771484375,0.0,1514.617172241211,0.0,2893832.2372436523,158236.57301330566,-0.0079882145
2025-10-31,3000584.8323669434,-0.016868550839022577,2934741.5771484375,0.0,1514.617172241211,0.0,2842348.2593536377,158236.57301330566,-0.014701664
2025-11-03,2984094.734426117,-0.005493694381825973,2946345.3872680664,0.003867182821981908,1520.4190773010255,1.9335914109909845e-06,2837467.7734375,146626.96098861695,0.002744317
2025-11-04,2997736.384816742,0.004571453524329374,2946345.3872680664,0.0,1520.4190773010255,0.0,2851109.423828125,146626.96098861695,-0.0074576735
2025-11-05,2998454.292531586,0.00023948327093732666,2946345.3872680664,0.0,1520.4190773010255,0.0,2851827.3315429688,146626.96098861695,0.00185287
2025-11-06,3017839.7661643983,0.0064651556240483505,2946345.3872680664,0.0,1520.4190773010255,0.0,2871212.8051757812,146626.96098861695,0.014294982
2025-11-07,3019993.7700706483,0.0007137568834503388,2946345.3872680664,0.0,1520.4190773010255,0.0,2873366.8090820312,146626.96098861695,-0.0031126142
2025-11-10,3080144.4605602263,0.019921374206498924,2954169.0574645996,0.002590624614550175,1532.1545825958253,3.885936921825278e-06,2925705.564880371,154438.89567985534,0.003474474
2025-11-11,3084440.4818309783,0.0013947466833976285,2954169.0574645996,0.0,1532.1545825958253,0.0,2930001.586151123,154438.89567985534,-0.009134114
2025-11-12,3100909.1700328826,0.005339278970988019,2954169.0574645996,0.0,1532.1545825958253,0.0,2946470.2743530273,154438.89567985534,-0.0013451576
2025-11-13,3090168.696857834,-0.003463652943738089,2954169.0574645996,0.0,1532.1545825958253,0.0,2935729.8011779785,154438.89567985534,0.012089372
2025-11-14,3062959.5354808806,-0.008805073135528209,2954169.0574645996,0.0,1532.1545825958253,0.0,2908520.6398010254,154438.89567985534,-0.015723705
2025-11-17,3032170.3097118377,-0.010052116396702284,2954169.0574645996,0.0,1532.1545825958253,0.0,2877731.4140319824,154438.89567985534,-0.00650084
2025-11-18,3026442.094684982,-0.0018891468624003015,2954169.0574645996,0.0,1532.1545825958253,0.0,2872003.199005127,154438.89567985534,-0.0064940453
2025-11-19,3030022.159077072,0.0011829284288561574,2954169.0574645996,0.0,1532.1545825958253,0.0,2875583.263397217,154438.89567985534,0.0043997765
2025-11-20,3043626.7397655486,0.0044899277873995625,2954169.0574645996,0.0,1532.1545825958253,0.0,2889187.8440856934,154438.89567985534,-0.0050876737
2025-11-21,3036466.3309825896,-0.002352590969650422,2954169.0574645996,0.0,1532.1545825958253,0.0,2882027.4353027344,154438.89567985534,-0.0243904
2025-11-24,3026442.094684982,-0.003301283533206052,2954169.0574645996,0.0,1532.1545825958253,0.0,2872003.199005127,154438.89567985534,-0.0012483001
2025-11-25,3023577.707172775,-0.0009464537640543164,2954169.0574645996,0.0,1532.1545825958253,0.0,2869138.81149292,154438.89567985534,0.009522557
2025-11-26,3042194.546009445,0.006157221887337492,2954169.0574645996,0.0,1532.1545825958253,0.0,2887755.65032959,154438.89567985534,0.0060619116
2025-11-27,3042194.546009445,0.0,2954169.0574645996,0.0,1532.1545825958253,0.0,2887755.65032959,154438.89567985534,-0.00049197674
2025-11-28,3044342.6966442107,0.0007061187581127678,2954169.0574645996,0.0,1532.1545825958253,0.0,2889903.8009643555,154438.89567985534,0.0024933815
2025-12-01,3079428.223682785,0.011524828356955055,2954169.0574645996,0.0,1532.1545825958253,0.0,2924989.3280029297,154438.89567985534,0.011006832
2025-12-02,3083008.568073654,0.0011626653166759947,2954169.0574645996,0.0,1532.1545825958253,0.0,2928569.672393799,154438.89567985534,-0.004840255
2025-12-03,3076564.116169357,-0.002090312680617537,2954169.0574645996,0.0,1532.1545825958253,0.0,2922125.220489502,154438.89567985534,-0.005112827
2025-12-04,3085872.675587082,0.0030256347881073044,2954169.0574645996,0.0,1532.1545825958253,0.0,2931433.7799072266,154438.89567985534,0.0034247637
2025-12-05,3080860.4174388885,-0.0016242595450701109,2954169.0574645996,0.0,1532.1545825958253,0.0,2926421.521759033,154438.89567985534,0.008351445
2025-12-08,3067255.836750412,-0.0044158380598709555,2954169.0574645996,0.0,1532.1545825958253,0.0,2912816.9410705566,154438.89567985534,0.008118153
2025-12-09,3043626.7397655486,-0.007703660288701905,2954169.0574645996,0.0,1532.1545825958253,0.0,2889187.8440856934,154438.89567985534,-0.0050914288
2025-12-10,3045058.653522873,0.00047046299686357714,2954169.0574645996,0.0,1532.1545825958253,0.0,2890619.7578430176,154438.89567985534,-0.0013909936
2025-12-11,3065107.6861156463,0.006584120331993743,2954169.0574645996,0.0,1532.1545825958253,0.0,2910668.790435791,154438.89567985534,-0.008633316
2025-12-12,3072268.0948986053,0.0023361034965897844,2954169.0574645996,0.0,1532.1545825958253,0.0,2917829.19921875,154438.89567985534,0.006319046
2025-12-15,3080856.2489894866,0.0027992760990583573,2962150.7621765137,0.002597984441907074,1544.1271396636964,3.896976662860611e-06,2918447.621154785,162408.62783470153,-0.006306708
2025-12-16,3079427.957668686,-0.0004636020655846106,2962150.7621765137,0.0,1544.1271396636964,0.0,2917019.3298339844,162408.62783470153,-0.011973679
2025-12-17,3097280.0633815764,0.005797214923776218,2962150.7621765137,0.0,1544.1271396636964,0.0,2934871.435546875,162408.62783470153,0.018303394
2025-12-18,3087282.8618434905,-0.003227735733775105,2962150.7621765137,0.0,1544.1271396636964,0.0,2924874.234008789,162408.62783470153,-0.005913377
2025-12-19,3100136.366787338,0.004163371326517363,2962150.7621765137,0.0,1544.1271396636964,0.0,2937727.7389526367,162408.62783470153,0.0033794641
2025-12-22,3081539.8914913177,-0.005996986292343906,2966164.051437378,0.0012945524925483253,1549.1271396636964,1.6128322784657e-06,2923149.5529174805,158390.33857383727,0.009510398
2025-12-23,3082970.13402977,0.00046413241068249796,2966164.051437378,0.0,1549.1271396636964,0.0,2924579.7954559326,158390.33857383727,0.0019755363
2025-12-24,3072959.2751125335,-0.003247147549934605,2966164.051437378,0.0,1549.1271396636964,0.0,2914568.9365386963,158390.33857383727,0.0028836727
2025-12-25,3083685.115490341,0.0034903945732944444,2966164.051437378,0.0,1549.1271396636964,0.0,2925294.776916504,158390.33857383727,0.0018292665
2025-12-26,3072959.2751125335,-0.003478254094079929,2966164.051437378,0.0,1549.1271396636964,0.0,2914568.9365386963,158390.33857383727,0.0031673908
2025-12-29,3068587.4217077256,6.0673245940307e-17,5880732.987976074,0.9484567401017585,5920.980544471741,0.0014226851101526378,0.0,3068587.4217077256,-0.0038366318
2025-12-30,3068587.4217077256,0.0,5880732.987976074,0.0,5920.980544471741,0.0,0.0,3068587.4217077256,0.0025670528
2025-12-31,3068587.4217077256,0.0,5880732.987976074,0.0,5920.980544471741,0.0,0.0,3068587.4217077256,-0.0045884848
2026-01-05,3068587.4217077256,0.0,5880732.987976074,0.0,5920.980544471741,0.0,0.0,3068587.4217077256,0.018964887
